date,disp
2023-05-01T00:00:00Z,0.04796109038743369
2023-05-01T01:00:00Z,0.15998407306609813
2023-05-01T02:00:00Z,0.31765681304869053
2023-05-01T03:00:00Z,0.12795791583144872
2023-05-01T04:00:00Z,0.30973570610833584
2023-05-01T05:00:00Z,0.687164354614568
2023-05-01T06:00:00Z,0.39533997535584936
2023-05-01T07:00:00Z,0.788214344592524
2023-05-01T08:00:00Z,0.7770871293880423
2023-05-01T09:00:00Z,0.19790477095197256
2023-05-01T10:00:00Z,0.6471667967012409
2023-05-01T11:00:00Z,0.819483072489213
2023-05-01T12:00:00Z,1.0991042939953815
2023-05-01T13:00:00Z,0.8934049244346898
2023-05-01T14:00:00Z,0.9868516283978448
2023-05-01T15:00:00Z,0.9873854557044338
2023-05-01T16:00:00Z,1.1397721214300773
2023-05-01T17:00:00Z,1.3957012708373422
2023-05-01T18:00:00Z,1.2766400811709522
2023-05-01T19:00:00Z,1.5126794835458748
2023-05-01T20:00:00Z,1.3620175427046135
2023-05-01T21:00:00Z,1.5379834213852193
2023-05-01T22:00:00Z,1.7040692822833838
2023-05-01T23:00:00Z,1.7335772201427846
2023-05-02T00:00:00Z,1.7965506662655404
2023-05-02T01:00:00Z,1.6049919666257297
2023-05-02T02:00:00Z,1.8809130988315625
2023-05-02T03:00:00Z,1.7337030216637488
2023-05-02T04:00:00Z,1.3217430936477839
2023-05-02T05:00:00Z,1.622909985489547
2023-05-02T06:00:00Z,2.0320957340084784
2023-05-02T07:00:00Z,2.0329020533157798
2023-05-02T08:00:00Z,2.0156873079266338
2023-05-02T09:00:00Z,1.7770497729064036
2023-05-02T10:00:00Z,1.8925789879509984
2023-05-02T11:00:00Z,1.731373538148928
2023-05-02T12:00:00Z,2.269918065045755
2023-05-02T13:00:00Z,1.9640833897936623
2023-05-02T14:00:00Z,1.7326089925600523
2023-05-02T15:00:00Z,2.137768485308796
2023-05-02T16:00:00Z,1.724904085712171
2023-05-02T17:00:00Z,1.7260633037376873
2023-05-02T18:00:00Z,2.2464746531887694
2023-05-02T19:00:00Z,2.1034413061858457
2023-05-02T20:00:00Z,1.6267430126161861
2023-05-02T21:00:00Z,2.0705701171370965
2023-05-02T22:00:00Z,1.7172691207395139
2023-05-02T23:00:00Z,1.9422054150252108
2023-05-03T00:00:00Z,2.298481071404595
2023-05-03T01:00:00Z,2.299288239914139
2023-05-03T02:00:00Z,2.2182668556139884
2023-05-03T03:00:00Z,2.4393861664325742
2023-05-03T04:00:00Z,2.335131196897694
2023-05-03T05:00:00Z,2.228022950974353
2023-05-03T06:00:00Z,2.212288216760843
2023-05-03T07:00:00Z,1.9231956914757087
2023-05-03T08:00:00Z,1.982267424303188
2023-05-03T09:00:00Z,2.280353050665675
2023-05-03T10:00:00Z,2.1568550157866873
2023-05-03T11:00:00Z,2.4055262215991577
2023-05-03T12:00:00Z,2.060183782926179
2023-05-03T13:00:00Z,2.651659481399526
2023-05-03T14:00:00Z,2.294514338822989
2023-05-03T15:00:00Z,2.487878439122134
2023-05-03T16:00:00Z,2.438206963436832
2023-05-03T17:00:00Z,2.1114165602433106
2023-05-03T18:00:00Z,2.5234509548182964
2023-05-03T19:00:00Z,2.627248749916465
2023-05-03T20:00:00Z,2.4907050998890847
2023-05-03T21:00:00Z,2.769756872632172
2023-05-03T22:00:00Z,2.7945462071707095
2023-05-03T23:00:00Z,2.39105116818063
2023-05-04T00:00:00Z,2.911806224653369
2023-05-04T01:00:00Z,2.8338496144692114
2023-05-04T02:00:00Z,2.906745834628262
2023-05-04T03:00:00Z,2.1360767406877503
2023-05-04T04:00:00Z,2.5804677832080403
2023-05-04T05:00:00Z,3.0916737206543483
2023-05-04T06:00:00Z,2.581095583424288
2023-05-04T07:00:00Z,2.3644084337290194
2023-05-04T08:00:00Z,3.1850614763241865
2023-05-04T09:00:00Z,2.9825527876101985
2023-05-04T10:00:00Z,3.2260791164171447
2023-05-04T11:00:00Z,2.7486386694696376
2023-05-04T12:00:00Z,2.865863596297919
2023-05-04T13:00:00Z,2.6630029213459827
2023-05-04T14:00:00Z,2.9841805346850854
2023-05-04T15:00:00Z,3.044007229905569
2023-05-04T16:00:00Z,3.1558758562707743
2023-05-04T17:00:00Z,2.870641718623931
2023-05-04T18:00:00Z,2.462909420543254
2023-05-04T19:00:00Z,2.8144869111771293
2023-05-04T20:00:00Z,2.7422366804783085
2023-05-04T21:00:00Z,3.0181288398226576
2023-05-04T22:00:00Z,3.1907321660222094
2023-05-04T23:00:00Z,3.339762983816519
2023-05-05T00:00:00Z,2.9234039872737014
2023-05-05T01:00:00Z,3.4343697266257456
2023-05-05T02:00:00Z,3.225928009310117
2023-05-05T03:00:00Z,3.7234225601471906
2023-05-05T04:00:00Z,3.140673823766988
2023-05-05T05:00:00Z,3.36687141746587
2023-05-05T06:00:00Z,3.2577464143716335
2023-05-05T07:00:00Z,3.4866321750699334
2023-05-05T08:00:00Z,3.8077189102924236
2023-05-05T09:00:00Z,3.360179805905985
2023-05-05T10:00:00Z,3.5626651397402713
2023-05-05T11:00:00Z,3.8160193710332972
2023-05-05T12:00:00Z,3.86491096017161
2023-05-05T13:00:00Z,4.291912069491519
2023-05-05T14:00:00Z,3.996151985058607
2023-05-05T15:00:00Z,3.717284551928452
2023-05-05T16:00:00Z,4.271644673925479
2023-05-05T17:00:00Z,4.369638500899743
2023-05-05T18:00:00Z,3.8386219904068044
2023-05-05T19:00:00Z,3.8410812727153605
2023-05-05T20:00:00Z,4.034061797501981
2023-05-05T21:00:00Z,4.257981746520706
2023-05-05T22:00:00Z,4.149188957613179
2023-05-05T23:00:00Z,4.058186954752885
2023-05-06T00:00:00Z,4.322919576406912
2023-05-06T01:00:00Z,4.038765808471271
2023-05-06T02:00:00Z,4.563796373051976
2023-05-06T03:00:00Z,4.1849496904971675
2023-05-06T04:00:00Z,4.244995503814673
2023-05-06T05:00:00Z,4.265619629157192
2023-05-06T06:00:00Z,3.561672545109686
2023-05-06T07:00:00Z,4.393655353444695
2023-05-06T08:00:00Z,4.515776207961689
2023-05-06T09:00:00Z,4.164126031457748
2023-05-06T10:00:00Z,4.159692215760033
2023-05-06T11:00:00Z,3.81683184408407
2023-05-06T12:00:00Z,4.063563908410146
2023-05-06T13:00:00Z,4.347925857939912
2023-05-06T14:00:00Z,4.097525765931874
2023-05-06T15:00:00Z,4.160703541167337
2023-05-06T16:00:00Z,4.112151468320724
2023-05-06T17:00:00Z,4.411495241990824
2023-05-06T18:00:00Z,4.220544966301067
2023-05-06T19:00:00Z,3.902811550488663
2023-05-06T20:00:00Z,3.71412047453778
2023-05-06T21:00:00Z,3.7911473270649045
2023-05-06T22:00:00Z,4.270541408479157
2023-05-06T23:00:00Z,4.09962858819179
2023-05-07T00:00:00Z,3.827648081204498
2023-05-07T01:00:00Z,4.06363401058613
2023-05-07T02:00:00Z,4.225409093243443
2023-05-07T03:00:00Z,3.753888761171166
2023-05-07T04:00:00Z,4.001074492548512
2023-05-07T05:00:00Z,4.313295238333288
2023-05-07T06:00:00Z,4.462498719464415
2023-05-07T07:00:00Z,4.06572369957302
2023-05-07T08:00:00Z,4.480344719313241
2023-05-07T09:00:00Z,4.094816612698546
2023-05-07T10:00:00Z,4.163369326658545
2023-05-07T11:00:00Z,4.675681622721105
2023-05-07T12:00:00Z,4.880742124726174
2023-05-07T13:00:00Z,4.424246660044115
2023-05-07T14:00:00Z,4.413421349899927
2023-05-07T15:00:00Z,4.355477010367178
2023-05-07T16:00:00Z,4.788798377529111
2023-05-07T17:00:00Z,4.949290899703933
2023-05-07T18:00:00Z,5.034550535122795
2023-05-07T19:00:00Z,4.764409077140159
2023-05-07T20:00:00Z,5.124744564004585
2023-05-07T21:00:00Z,4.917217012699445
2023-05-07T22:00:00Z,4.887833153424344
2023-05-07T23:00:00Z,5.054285431342056
2023-05-08T00:00:00Z,5.115038701080699
2023-05-08T01:00:00Z,4.720379673899467
2023-05-08T02:00:00Z,5.436468782724806
2023-05-08T03:00:00Z,5.420151026323435
2023-05-08T04:00:00Z,5.363317900578874
2023-05-08T05:00:00Z,5.564718113092345
2023-05-08T06:00:00Z,5.605566851560396
2023-05-08T07:00:00Z,5.328174596995886
2023-05-08T08:00:00Z,5.9370586884168715
2023-05-08T09:00:00Z,5.812264134755093
2023-05-08T10:00:00Z,5.39481943836953
2023-05-08T11:00:00Z,5.363497797294223
2023-05-08T12:00:00Z,5.581198935361987
2023-05-08T13:00:00Z,4.920920581728094
2023-05-08T14:00:00Z,5.498550700336593
2023-05-08T15:00:00Z,5.674625634477567
2023-05-08T16:00:00Z,5.586549150942521
2023-05-08T17:00:00Z,6.271226444901922
2023-05-08T18:00:00Z,5.60102186130109
2023-05-08T19:00:00Z,5.730476760315186
2023-05-08T20:00:00Z,5.942568722208982
2023-05-08T21:00:00Z,6.018173477319873
2023-05-08T22:00:00Z,5.949864735785024
2023-05-08T23:00:00Z,6.121231755792293
2023-05-09T00:00:00Z,5.713097843232892
2023-05-09T01:00:00Z,6.028685042966068
2023-05-09T02:00:00Z,6.308264742536667
2023-05-09T03:00:00Z,5.904458407874311
2023-05-09T04:00:00Z,5.703032311397668
2023-05-09T05:00:00Z,5.7424851458729895
2023-05-09T06:00:00Z,6.468887881941927
2023-05-09T07:00:00Z,6.22258077460144
2023-05-09T08:00:00Z,5.755347717119008
2023-05-09T09:00:00Z,6.319025766752291
2023-05-09T10:00:00Z,6.627607402440452
2023-05-09T11:00:00Z,6.2097510301576815
2023-05-09T12:00:00Z,5.9025432703859915
2023-05-09T13:00:00Z,6.360939616194594
2023-05-09T14:00:00Z,5.950152446092085
2023-05-09T15:00:00Z,6.32727275562537
2023-05-09T16:00:00Z,6.344803403867413
2023-05-09T17:00:00Z,5.99353565250423
2023-05-09T18:00:00Z,6.077543565037903
2023-05-09T19:00:00Z,6.184523822925287
2023-05-09T20:00:00Z,5.832527841488421
2023-05-09T21:00:00Z,6.1827626664977045
2023-05-09T22:00:00Z,6.463009441508294
2023-05-09T23:00:00Z,6.3679177017720106
2023-05-10T00:00:00Z,6.540885257307748
2023-05-10T01:00:00Z,6.268089569009431
2023-05-10T02:00:00Z,5.924835540585238
2023-05-10T03:00:00Z,6.596261474754538
2023-05-10T04:00:00Z,6.163539061280492
2023-05-10T05:00:00Z,6.5329221160672155
2023-05-10T06:00:00Z,6.4582058728275475
2023-05-10T07:00:00Z,6.601418017780514
2023-05-10T08:00:00Z,6.2914326869991095
2023-05-10T09:00:00Z,6.5239719942662395
2023-05-10T10:00:00Z,6.601175991725122
2023-05-10T11:00:00Z,6.623609182504666
2023-05-10T12:00:00Z,7.092962184030112
2023-05-10T13:00:00Z,6.515164371721139
2023-05-10T14:00:00Z,6.780197500252891
2023-05-10T15:00:00Z,6.402443330301141
2023-05-10T16:00:00Z,6.810319920467846
2023-05-10T17:00:00Z,6.966482098607066
2023-05-10T18:00:00Z,6.151720461292892
2023-05-10T19:00:00Z,6.574013591123963
2023-05-10T20:00:00Z,6.7648799254221395
2023-05-10T21:00:00Z,6.8293366676421465
2023-05-10T22:00:00Z,6.661867838976781
2023-05-10T23:00:00Z,6.417127236115125
2023-05-11T00:00:00Z,7.103335614291647
2023-05-11T01:00:00Z,6.738276111990442
2023-05-11T02:00:00Z,6.434453926480006
2023-05-11T03:00:00Z,7.246663523864347
2023-05-11T04:00:00Z,7.3643517724357705
2023-05-11T05:00:00Z,7.3452798344806425
2023-05-11T06:00:00Z,7.124667943645283
2023-05-11T07:00:00Z,7.1576225602937225
2023-05-11T08:00:00Z,6.995603289454915
2023-05-11T09:00:00Z,6.921454856994657
2023-05-11T10:00:00Z,7.817991577584461
2023-05-11T11:00:00Z,7.442949207528595
2023-05-11T12:00:00Z,7.227283408632127
2023-05-11T13:00:00Z,7.331490577674565
2023-05-11T14:00:00Z,8.065115373615257
2023-05-11T15:00:00Z,7.117054856870933
2023-05-11T16:00:00Z,7.578079176451182
2023-05-11T17:00:00Z,7.6396206345718864
2023-05-11T18:00:00Z,7.129242459690316
2023-05-11T19:00:00Z,7.582246247345978
2023-05-11T20:00:00Z,8.316134565376139
2023-05-11T21:00:00Z,7.535446578870825
2023-05-11T22:00:00Z,7.553585010800294
2023-05-11T23:00:00Z,7.99297047272488
2023-05-12T00:00:00Z,8.307464691573218
2023-05-12T01:00:00Z,8.494401189419348
2023-05-12T02:00:00Z,8.312828035958367
2023-05-12T03:00:00Z,7.780918518723256
2023-05-12T04:00:00Z,7.867827147543665
2023-05-12T05:00:00Z,7.936381952072591
2023-05-12T06:00:00Z,8.673176155443597
2023-05-12T07:00:00Z,8.101093443708251
2023-05-12T08:00:00Z,8.04131985288034
2023-05-12T09:00:00Z,7.817183122174597
2023-05-12T10:00:00Z,8.724241144806001
2023-05-12T11:00:00Z,8.35282041893329
2023-05-12T12:00:00Z,8.256417093592486
2023-05-12T13:00:00Z,7.963530173766799
2023-05-12T14:00:00Z,8.049956146868904
2023-05-12T15:00:00Z,8.4579196001094
2023-05-12T16:00:00Z,8.058291911175656
2023-05-12T17:00:00Z,7.984151084445484
2023-05-12T18:00:00Z,8.358079702409823
2023-05-12T19:00:00Z,8.889415537962519
2023-05-12T20:00:00Z,8.388154356120491
2023-05-12T21:00:00Z,8.282169049010754
2023-05-12T22:00:00Z,8.157987255915026
2023-05-12T23:00:00Z,8.385509443328306
2023-05-13T00:00:00Z,8.275468029783896
2023-05-13T01:00:00Z,8.409037293682937
2023-05-13T02:00:00Z,8.960875803893499
2023-05-13T03:00:00Z,8.605103632763722
2023-05-13T04:00:00Z,8.766681123472512
2023-05-13T05:00:00Z,8.579207935341659
2023-05-13T06:00:00Z,8.854756254460177
2023-05-13T07:00:00Z,9.214691979103861
2023-05-13T08:00:00Z,9.122673341055346
2023-05-13T09:00:00Z,9.275972545787884
2023-05-13T10:00:00Z,9.136612573439896
2023-05-13T11:00:00Z,9.433917515953407
2023-05-13T12:00:00Z,9.861737350388804
2023-05-13T13:00:00Z,9.463426691497181
2023-05-13T14:00:00Z,9.437847405149963
2023-05-13T15:00:00Z,10.060377019386436
2023-05-13T16:00:00Z,10.159011582085853
2023-05-13T17:00:00Z,10.08033750613242
2023-05-13T18:00:00Z,9.837022017595219
2023-05-13T19:00:00Z,9.753452176180138
2023-05-13T20:00:00Z,10.223685822895034
2023-05-13T21:00:00Z,10.36024124483949
2023-05-13T22:00:00Z,10.497058862308435
2023-05-13T23:00:00Z,10.246198419416357
2023-05-14T00:00:00Z,11.063489715065206
2023-05-14T01:00:00Z,10.487000125293369
2023-05-14T02:00:00Z,10.88192154918761
2023-05-14T03:00:00Z,10.710731009974605
2023-05-14T04:00:00Z,10.578749761119886
2023-05-14T05:00:00Z,10.461741501643866
2023-05-14T06:00:00Z,10.948458597727402
2023-05-14T07:00:00Z,10.84784294123192
2023-05-14T08:00:00Z,10.717812669916347
2023-05-14T09:00:00Z,10.53278769072589
2023-05-14T10:00:00Z,10.45232894858169
2023-05-14T11:00:00Z,10.36169580640506
2023-05-14T12:00:00Z,10.592843670800342
2023-05-14T13:00:00Z,11.300702102058118
2023-05-14T14:00:00Z,11.278234916581274
2023-05-14T15:00:00Z,10.46731548550816
2023-05-14T16:00:00Z,11.013006391244422
2023-05-14T17:00:00Z,11.017210889162941
2023-05-14T18:00:00Z,11.027930358430295
2023-05-14T19:00:00Z,10.766966134504914
2023-05-14T20:00:00Z,11.06864085014834
2023-05-14T21:00:00Z,10.453303890006676
2023-05-14T22:00:00Z,11.152050544587143
2023-05-14T23:00:00Z,10.640424374445088
2023-05-15T00:00:00Z,10.527282080429401
2023-05-15T01:00:00Z,10.807990113733357
2023-05-15T02:00:00Z,11.16866427653815
2023-05-15T03:00:00Z,11.10443259932554
2023-05-15T04:00:00Z,11.105392619887795
2023-05-15T05:00:00Z,11.704193678028133
2023-05-15T06:00:00Z,11.291064210541975
2023-05-15T07:00:00Z,11.437666063667834
2023-05-15T08:00:00Z,11.318461604901792
2023-05-15T09:00:00Z,10.73009862468336
2023-05-15T10:00:00Z,11.326964892349178
2023-05-15T11:00:00Z,11.341495664169647
2023-05-15T12:00:00Z,11.495250616146953
2023-05-15T13:00:00Z,12.12822774200011
2023-05-15T14:00:00Z,12.367364584515041
2023-05-15T15:00:00Z,11.861434255954501
2023-05-15T16:00:00Z,11.95917360071216
2023-05-15T17:00:00Z,11.473566424985643
2023-05-15T18:00:00Z,12.277310790693184
2023-05-15T19:00:00Z,11.855370238204552
2023-05-15T20:00:00Z,12.204586427015922
2023-05-15T21:00:00Z,12.044586995369645
2023-05-15T22:00:00Z,11.697684298137121
2023-05-15T23:00:00Z,11.768531478468075
2023-05-16T00:00:00Z,12.176534673372714
2023-05-16T01:00:00Z,11.524802821604645
2023-05-16T02:00:00Z,12.415399836240558
2023-05-16T03:00:00Z,12.703436953822436
2023-05-16T04:00:00Z,12.625027699652174
2023-05-16T05:00:00Z,12.590581397454246
2023-05-16T06:00:00Z,11.949160799303245
2023-05-16T07:00:00Z,12.87588171378302
2023-05-16T08:00:00Z,12.56935080312568
2023-05-16T09:00:00Z,12.83188861165598
2023-05-16T10:00:00Z,12.737362612144313
2023-05-16T11:00:00Z,12.761320366994916
2023-05-16T12:00:00Z,13.099282403792536
2023-05-16T13:00:00Z,13.653310130009867
2023-05-16T14:00:00Z,13.180825864018534
2023-05-16T15:00:00Z,13.639503639525719
2023-05-16T16:00:00Z,13.614216838964476
2023-05-16T17:00:00Z,13.622237273726128
2023-05-16T18:00:00Z,13.520777978997176
2023-05-16T19:00:00Z,13.369266745639987
2023-05-16T20:00:00Z,13.976737439810002
2023-05-16T21:00:00Z,13.831738517157703
2023-05-16T22:00:00Z,14.367025098421104
2023-05-16T23:00:00Z,13.76125191037397
2023-05-17T00:00:00Z,14.115429062339492
2023-05-17T01:00:00Z,14.116419732640393
2023-05-17T02:00:00Z,13.865629223835139
2023-05-17T03:00:00Z,13.821975330636029
2023-05-17T04:00:00Z,13.870342592347532
2023-05-17T05:00:00Z,13.933705805608666
2023-05-17T06:00:00Z,14.36630095679106
2023-05-17T07:00:00Z,13.808734648748812
2023-05-17T08:00:00Z,14.054417942474833
2023-05-17T09:00:00Z,13.996093590116855
2023-05-17T10:00:00Z,14.159439871415671
2023-05-17T11:00:00Z,13.934553566424803
2023-05-17T12:00:00Z,13.780823622549434
2023-05-17T13:00:00Z,13.657901472522028
2023-05-17T14:00:00Z,14.444203973971431
2023-05-17T15:00:00Z,14.322768712285809
2023-05-17T16:00:00Z,13.838798435333162
2023-05-17T17:00:00Z,13.307856529633373
2023-05-17T18:00:00Z,13.830094656163986
2023-05-17T19:00:00Z,14.071117317608138
2023-05-17T20:00:00Z,13.80477181097247
2023-05-17T21:00:00Z,13.397439003948335
2023-05-17T22:00:00Z,13.72777284327248
2023-05-17T23:00:00Z,13.603344595120394
2023-05-18T00:00:00Z,13.728205998171465
2023-05-18T01:00:00Z,14.012422135473088
2023-05-18T02:00:00Z,13.941603717527181
2023-05-18T03:00:00Z,13.93848077574979
2023-05-18T04:00:00Z,13.82240381365402
2023-05-18T05:00:00Z,13.639633979650501
2023-05-18T06:00:00Z,14.032463600804107
2023-05-18T07:00:00Z,14.092423823181592
2023-05-18T08:00:00Z,14.083076229802272
2023-05-18T09:00:00Z,13.675278134540589
2023-05-18T10:00:00Z,13.93426209206507
2023-05-18T11:00:00Z,13.856655979454487
2023-05-18T12:00:00Z,13.474487998531956
2023-05-18T13:00:00Z,13.758784768520899
2023-05-18T14:00:00Z,13.902399436174303
2023-05-18T15:00:00Z,14.227216130476222
2023-05-18T16:00:00Z,14.155303080114743
2023-05-18T17:00:00Z,14.502727580899426
2023-05-18T18:00:00Z,13.938652444569136
2023-05-18T19:00:00Z,13.853653156874872
2023-05-18T20:00:00Z,13.847074079009303
2023-05-18T21:00:00Z,14.317100180836695
2023-05-18T22:00:00Z,14.159841118560385
2023-05-18T23:00:00Z,14.036766014633752
2023-05-19T00:00:00Z,13.963777057255285
2023-05-19T01:00:00Z,14.036458184565973
2023-05-19T02:00:00Z,14.218285348747386
2023-05-19T03:00:00Z,14.079622363294174
2023-05-19T04:00:00Z,14.370921504270283
2023-05-19T05:00:00Z,14.239765887728883
2023-05-19T06:00:00Z,14.516909426155006
2023-05-19T07:00:00Z,14.610898509648285
2023-05-19T08:00:00Z,14.531733167340022
2023-05-19T09:00:00Z,14.500138858576657
2023-05-19T10:00:00Z,14.329183785456069
2023-05-19T11:00:00Z,14.420906828035672
2023-05-19T12:00:00Z,14.717888350158528
2023-05-19T13:00:00Z,14.459305545747563
2023-05-19T14:00:00Z,14.53089415175383
2023-05-19T15:00:00Z,14.966696755490801
2023-05-19T16:00:00Z,15.178301122769602
2023-05-19T17:00:00Z,14.430127264839003
2023-05-19T18:00:00Z,14.758254990896843
2023-05-19T19:00:00Z,14.753915299646268
2023-05-19T20:00:00Z,14.545801140906605
2023-05-19T21:00:00Z,15.070443409092618
2023-05-19T22:00:00Z,15.390480478978917
2023-05-19T23:00:00Z,15.768843422043501
2023-05-20T00:00:00Z,15.206393826674027
2023-05-20T01:00:00Z,15.184017750258807
2023-05-20T02:00:00Z,15.081368034054423
2023-05-20T03:00:00Z,15.742664886345697
2023-05-20T04:00:00Z,15.967484304985014
2023-05-20T05:00:00Z,15.51502979895068
2023-05-20T06:00:00Z,15.612915056761345
2023-05-20T07:00:00Z,15.500989835553977
2023-05-20T08:00:00Z,14.939767757444823
2023-05-20T09:00:00Z,15.460760859925538
2023-05-20T10:00:00Z,15.519469245145077
2023-05-20T11:00:00Z,15.29839954301156
2023-05-20T12:00:00Z,15.677097916808004
2023-05-20T13:00:00Z,15.754486372812492
2023-05-20T14:00:00Z,15.607477749671487
2023-05-20T15:00:00Z,15.537565518503222
2023-05-20T16:00:00Z,15.877215435842576
2023-05-20T17:00:00Z,15.72696410274178
2023-05-20T18:00:00Z,15.61574014359784
2023-05-20T19:00:00Z,15.900306443425592
2023-05-20T20:00:00Z,15.91878409169506
2023-05-20T21:00:00Z,15.917629796285919
2023-05-20T22:00:00Z,15.92346914117862
2023-05-20T23:00:00Z,15.841533511889484
2023-05-21T00:00:00Z,16.294624504428043
2023-05-21T01:00:00Z,16.349494026155405
2023-05-21T02:00:00Z,15.936936522570525
2023-05-21T03:00:00Z,16.092739915397164
2023-05-21T04:00:00Z,16.02605415882265
2023-05-21T05:00:00Z,16.034781089725346
2023-05-21T06:00:00Z,16.20896845766371
2023-05-21T07:00:00Z,16.05486354806248
2023-05-21T08:00:00Z,16.298844641241537
2023-05-21T09:00:00Z,15.882899870210357
2023-05-21T10:00:00Z,15.980514894311082
2023-05-21T11:00:00Z,16.15896582514336
2023-05-21T12:00:00Z,16.346430726084044
2023-05-21T13:00:00Z,16.026374316548296
2023-05-21T14:00:00Z,15.462045940250533
2023-05-21T15:00:00Z,16.289775766634776
2023-05-21T16:00:00Z,15.571604430783342
2023-05-21T17:00:00Z,15.695060666701927
2023-05-21T18:00:00Z,15.572072023280256
2023-05-21T19:00:00Z,15.508876934162203
2023-05-21T20:00:00Z,15.887723590284809
2023-05-21T21:00:00Z,15.937155289149773
2023-05-21T22:00:00Z,15.810676769934265
2023-05-21T23:00:00Z,15.563158005325988
2023-05-22T00:00:00Z,15.176484961480016
2023-05-22T01:00:00Z,15.688621428444872
2023-05-22T02:00:00Z,15.849585098788774
2023-05-22T03:00:00Z,16.102297710523384
2023-05-22T04:00:00Z,16.211422516024477
2023-05-22T05:00:00Z,16.075967199844655
2023-05-22T06:00:00Z,16.421771206348687
2023-05-22T07:00:00Z,16.605995923294895
2023-05-22T08:00:00Z,16.27308771571005
2023-05-22T09:00:00Z,16.43443381539075
2023-05-22T10:00:00Z,16.34336151184414
2023-05-22T11:00:00Z,16.61120334280602
2023-05-22T12:00:00Z,16.990720578518246
2023-05-22T13:00:00Z,16.406330427162594
2023-05-22T14:00:00Z,16.590131199041096
2023-05-22T15:00:00Z,16.90087313207665
2023-05-22T16:00:00Z,16.396402497591406
2023-05-22T17:00:00Z,17.344143763718876
2023-05-22T18:00:00Z,17.32133670388187
2023-05-22T19:00:00Z,16.623495758231492
2023-05-22T20:00:00Z,16.84711471528968
2023-05-22T21:00:00Z,16.830657316132296
2023-05-22T22:00:00Z,17.24713676813284
2023-05-22T23:00:00Z,17.46785032198741
2023-05-23T00:00:00Z,16.947646382106612
2023-05-23T01:00:00Z,17.11069369644084
2023-05-23T02:00:00Z,17.62658045027131
2023-05-23T03:00:00Z,17.53332007142285
2023-05-23T04:00:00Z,17.5096942278816
2023-05-23T05:00:00Z,17.379853036825995
2023-05-23T06:00:00Z,17.85927343374791
2023-05-23T07:00:00Z,17.99829024248359
2023-05-23T08:00:00Z,17.989186926672264
2023-05-23T09:00:00Z,18.264557166593868
2023-05-23T10:00:00Z,18.523312548327123
2023-05-23T11:00:00Z,18.975460028526697
2023-05-23T12:00:00Z,18.467133063960933
2023-05-23T13:00:00Z,18.801980040473516
2023-05-23T14:00:00Z,18.059139326676
2023-05-23T15:00:00Z,19.14205532319138
2023-05-23T16:00:00Z,19.220431782948157
2023-05-23T17:00:00Z,19.120179679699255
2023-05-23T18:00:00Z,19.02297335377414
2023-05-23T19:00:00Z,19.411105798461975
2023-05-23T20:00:00Z,19.259891597231007
2023-05-23T21:00:00Z,19.244452008620694
2023-05-23T22:00:00Z,19.562401927137046
2023-05-23T23:00:00Z,19.761568109912826
2023-05-24T00:00:00Z,19.96623633441738
2023-05-24T01:00:00Z,20.04292459111241
2023-05-24T02:00:00Z,19.933904159832117
2023-05-24T03:00:00Z,19.750200588866402
2023-05-24T04:00:00Z,19.826300107501165
2023-05-24T05:00:00Z,20.4152351901801
2023-05-24T06:00:00Z,19.95167171532383
2023-05-24T07:00:00Z,20.877392089790725
2023-05-24T08:00:00Z,19.85500261096078
2023-05-24T09:00:00Z,19.98792331711695
2023-05-24T10:00:00Z,19.940124213412147
2023-05-24T11:00:00Z,20.15133013736957
2023-05-24T12:00:00Z,21.053210859110266
2023-05-24T13:00:00Z,20.26296672571585
2023-05-24T14:00:00Z,20.64507308452271
2023-05-24T15:00:00Z,21.19318519138536
2023-05-24T16:00:00Z,20.2545697281421
2023-05-24T17:00:00Z,20.30390679851813
2023-05-24T18:00:00Z,21.391953546837776
2023-05-24T19:00:00Z,21.203839451288317
2023-05-24T20:00:00Z,21.060416541806383
2023-05-24T21:00:00Z,21.336026000938546
2023-05-24T22:00:00Z,21.705828880024516
2023-05-24T23:00:00Z,21.559811030139553
2023-05-25T00:00:00Z,21.175550611312175
2023-05-25T01:00:00Z,21.498013104614785
2023-05-25T02:00:00Z,21.59886886027509
2023-05-25T03:00:00Z,21.382647296349223
2023-05-25T04:00:00Z,21.67429244537385
2023-05-25T05:00:00Z,21.75855401416636
2023-05-25T06:00:00Z,22.07816418189493
2023-05-25T07:00:00Z,21.51355339231738
2023-05-25T08:00:00Z,22.062441921844638
2023-05-25T09:00:00Z,22.149912788504633
2023-05-25T10:00:00Z,21.969719694202148
2023-05-25T11:00:00Z,21.875747403240684
2023-05-25T12:00:00Z,21.792119890876986
2023-05-25T13:00:00Z,21.95580284808484
2023-05-25T14:00:00Z,22.318076075933384
2023-05-25T15:00:00Z,22.15660734666502
2023-05-25T16:00:00Z,22.033412542393318
2023-05-25T17:00:00Z,22.3339671534106
2023-05-25T18:00:00Z,22.471556496242606
2023-05-25T19:00:00Z,21.94043253689532
2023-05-25T20:00:00Z,21.803306931417026
2023-05-25T21:00:00Z,22.8284951421706
2023-05-25T22:00:00Z,22.063087922045295
2023-05-25T23:00:00Z,22.251248110070936
2023-05-26T00:00:00Z,22.685600824796353
2023-05-26T01:00:00Z,22.421273076442393
2023-05-26T02:00:00Z,22.495205644481
2023-05-26T03:00:00Z,21.977946929454035
2023-05-26T04:00:00Z,22.69833500622402
2023-05-26T05:00:00Z,22.663238843397988
2023-05-26T06:00:00Z,22.54840219010038
2023-05-26T07:00:00Z,22.35876688213472
2023-05-26T08:00:00Z,22.357249609081897
2023-05-26T09:00:00Z,22.120375290794964
2023-05-26T10:00:00Z,22.198998802650937
2023-05-26T11:00:00Z,22.282007721786194
2023-05-26T12:00:00Z,22.467646034527828
2023-05-26T13:00:00Z,22.076627525608732
2023-05-26T14:00:00Z,22.637479397530264
2023-05-26T15:00:00Z,22.772045140404362
2023-05-26T16:00:00Z,22.135187010432915
2023-05-26T17:00:00Z,22.184624521024478
2023-05-26T18:00:00Z,22.22924457734934
2023-05-26T19:00:00Z,22.016458872398644
2023-05-26T20:00:00Z,22.273747816786447
2023-05-26T21:00:00Z,22.023372850752335
2023-05-26T22:00:00Z,21.99242206858109
2023-05-26T23:00:00Z,21.870739721523847
2023-05-27T00:00:00Z,22.53243306752807
2023-05-27T01:00:00Z,22.37548234928349
2023-05-27T02:00:00Z,22.216617645860314
2023-05-27T03:00:00Z,22.515031520580024
2023-05-27T04:00:00Z,22.02441438298168
2023-05-27T05:00:00Z,22.016871835291813
2023-05-27T06:00:00Z,22.36277067894082
2023-05-27T07:00:00Z,22.36440215759166
2023-05-27T08:00:00Z,22.754481344190584
2023-05-27T09:00:00Z,21.95908119983822
2023-05-27T10:00:00Z,22.245686175704275
2023-05-27T11:00:00Z,22.2631442999064
2023-05-27T12:00:00Z,22.470971275185324
2023-05-27T13:00:00Z,21.788157153131642
2023-05-27T14:00:00Z,22.561520602336465
2023-05-27T15:00:00Z,22.50679691985872
2023-05-27T16:00:00Z,22.30478309863815
2023-05-27T17:00:00Z,21.86396252667306
2023-05-27T18:00:00Z,22.150408564761115
2023-05-27T19:00:00Z,22.47850898288976
2023-05-27T20:00:00Z,22.44647149003097
2023-05-27T21:00:00Z,22.278629583408808
2023-05-27T22:00:00Z,21.66879161578792
2023-05-27T23:00:00Z,21.9161456541793
2023-05-28T00:00:00Z,22.16975348273244
2023-05-28T01:00:00Z,22.732325764291545
2023-05-28T02:00:00Z,22.407337511226853
2023-05-28T03:00:00Z,22.687164354607855
2023-05-28T04:00:00Z,22.49826749930434
2023-05-28T05:00:00Z,22.78893799377996
2023-05-28T06:00:00Z,22.46161846821829
2023-05-28T07:00:00Z,23.06097012584656
2023-05-28T08:00:00Z,22.62999128016295
2023-05-28T09:00:00Z,22.983715212282014
2023-05-28T10:00:00Z,23.070266746534035
2023-05-28T11:00:00Z,22.95228664171919
2023-05-28T12:00:00Z,23.607060709016547
2023-05-28T13:00:00Z,23.330392447733487
2023-05-28T14:00:00Z,23.890832512189537
2023-05-28T15:00:00Z,23.279338151330524
2023-05-28T16:00:00Z,23.81912847470511
2023-05-28T17:00:00Z,23.790660020138205
2023-05-28T18:00:00Z,23.919136950591152
2023-05-28T19:00:00Z,23.633746923823907
2023-05-28T20:00:00Z,23.776822075427283
2023-05-28T21:00:00Z,24.228189347678374
2023-05-28T22:00:00Z,24.104282671091724
2023-05-28T23:00:00Z,24.20188050189643
2023-05-29T00:00:00Z,24.02367931489576
2023-05-29T01:00:00Z,24.067592122782788
2023-05-29T02:00:00Z,24.289677560418532
2023-05-29T03:00:00Z,24.759047338180096
2023-05-29T04:00:00Z,24.661690933322273
2023-05-29T05:00:00Z,24.287304271426116
2023-05-29T06:00:00Z,24.44136667538963
2023-05-29T07:00:00Z,24.31941183488651
2023-05-29T08:00:00Z,24.848671425361374
2023-05-29T09:00:00Z,24.94706541346175
2023-05-29T10:00:00Z,24.470698673933967
2023-05-29T11:00:00Z,24.80046338687115
2023-05-29T12:00:00Z,24.839434508035303
2023-05-29T13:00:00Z,24.9348486816261
2023-05-29T14:00:00Z,25.140646054855072
2023-05-29T15:00:00Z,24.50852659095034
2023-05-29T16:00:00Z,24.952246398523787
2023-05-29T17:00:00Z,24.779200313157503
2023-05-29T18:00:00Z,25.64902487020631
2023-05-29T19:00:00Z,25.53054563763591
2023-05-29T20:00:00Z,25.31292238381645
2023-05-29T21:00:00Z,24.950188914749333
2023-05-29T22:00:00Z,25.311572686301705
2023-05-29T23:00:00Z,25.501788732885984
2023-05-30T00:00:00Z,25.44375497359868
2023-05-30T01:00:00Z,25.458955798054212
2023-05-30T02:00:00Z,25.54812389434823
2023-05-30T03:00:00Z,26.08386565656195
2023-05-30T04:00:00Z,25.873293346840544
2023-05-30T05:00:00Z,25.785473287704683
2023-05-30T06:00:00Z,25.393670470785455
2023-05-30T07:00:00Z,25.52702886681945
2023-05-30T08:00:00Z,25.780130027495442
2023-05-30T09:00:00Z,25.791421851916652
2023-05-30T10:00:00Z,26.133852144610874
2023-05-30T11:00:00Z,25.952122376077458
2023-05-30T12:00:00Z,26.160648696281047
2023-05-30T13:00:00Z,26.418776691709557
2023-05-30T14:00:00Z,26.073066264645085
2023-05-30T15:00:00Z,26.594407760172658
2023-05-30T16:00:00Z,26.413001251727785
2023-05-30T17:00:00Z,26.813163335784502
2023-05-30T18:00:00Z,26.825393366355627
2023-05-30T19:00:00Z,26.821279642811703
2023-05-30T20:00:00Z,26.64698721134866
2023-05-30T21:00:00Z,26.839619574146834
2023-05-30T22:00:00Z,27.270935022466475
2023-05-30T23:00:00Z,26.644652240957967
2023-05-31T00:00:00Z,27.311800389255637
2023-05-31T01:00:00Z,26.46185481818248
2023-05-31T02:00:00Z,27.328822184200096
2023-05-31T03:00:00Z,27.078158247280744
2023-05-31T04:00:00Z,26.54790401574731
2023-05-31T05:00:00Z,26.57129949586984
2023-05-31T06:00:00Z,26.870870729953126
2023-05-31T07:00:00Z,27.17855001639552
2023-05-31T08:00:00Z,27.023582922545227
2023-05-31T09:00:00Z,26.93990849176732
2023-05-31T10:00:00Z,27.117693180050527
2023-05-31T11:00:00Z,27.446779848872293
2023-05-31T12:00:00Z,27.116596214608766
2023-05-31T13:00:00Z,27.40516273898306
2023-05-31T14:00:00Z,26.821277283740752
2023-05-31T15:00:00Z,27.16355015352617
2023-05-31T16:00:00Z,26.954197581753142
2023-05-31T17:00:00Z,27.077954089722656
2023-05-31T18:00:00Z,26.836407217839106
2023-05-31T19:00:00Z,27.198263424191772
2023-05-31T20:00:00Z,27.215877968200623
2023-05-31T21:00:00Z,27.01766044699072
2023-05-31T22:00:00Z,27.194777076365526
2023-05-31T23:00:00Z,26.753975042637723
2023-06-01T00:00:00Z,27.161561623504074
2023-06-01T01:00:00Z,27.00836477480176
2023-06-01T02:00:00Z,27.382287581412882
2023-06-01T03:00:00Z,26.882899388179553
2023-06-01T04:00:00Z,27.61514409417619
2023-06-01T05:00:00Z,27.49854940970069
2023-06-01T06:00:00Z,27.273786430657005
2023-06-01T07:00:00Z,27.06705739085428
2023-06-01T08:00:00Z,27.67082708106874
2023-06-01T09:00:00Z,27.230305695249
2023-06-01T10:00:00Z,27.545634115098924
2023-06-01T11:00:00Z,27.223306310164542
2023-06-01T12:00:00Z,27.492370943947286
2023-06-01T13:00:00Z,27.171214985525808
2023-06-01T14:00:00Z,27.52004277178929
2023-06-01T15:00:00Z,27.51351582248546
2023-06-01T16:00:00Z,27.233053929009127
2023-06-01T17:00:00Z,27.313755959650045
2023-06-01T18:00:00Z,27.956054435644543
2023-06-01T19:00:00Z,27.433248014723
2023-06-01T20:00:00Z,27.483180061389618
2023-06-01T21:00:00Z,27.632096316875803
2023-06-01T22:00:00Z,27.409759318735386
2023-06-01T23:00:00Z,27.335246112817977
2023-06-02T00:00:00Z,27.367787172818648
2023-06-02T01:00:00Z,27.310372848450136
2023-06-02T02:00:00Z,27.87831547927921
2023-06-02T03:00:00Z,27.692875296458258
2023-06-02T04:00:00Z,27.31183839365649
2023-06-02T05:00:00Z,27.71228558748715
2023-06-02T06:00:00Z,27.647486137740003
2023-06-02T07:00:00Z,27.635131465201752
2023-06-02T08:00:00Z,27.695239782708093
2023-06-02T09:00:00Z,27.45241507745916
2023-06-02T10:00:00Z,27.9810412522365
2023-06-02T11:00:00Z,27.64700326524417
2023-06-02T12:00:00Z,27.30661668491521
2023-06-02T13:00:00Z,27.126722603816965
2023-06-02T14:00:00Z,27.575131972677333
2023-06-02T15:00:00Z,27.366624269207758
2023-06-02T16:00:00Z,27.18515607085843
2023-06-02T17:00:00Z,27.817514728278027
2023-06-02T18:00:00Z,27.341343658351285
2023-06-02T19:00:00Z,27.625633383841254
2023-06-02T20:00:00Z,26.85482309274534
2023-06-02T21:00:00Z,27.19097708510101
2023-06-02T22:00:00Z,27.481426058089042
2023-06-02T23:00:00Z,27.23300393805003
2023-06-03T00:00:00Z,27.18189992029666
2023-06-03T01:00:00Z,27.69618973478762
2023-06-03T02:00:00Z,27.673807467267892
2023-06-03T03:00:00Z,27.71887832749601
2023-06-03T04:00:00Z,27.436119640211384
2023-06-03T05:00:00Z,27.690307278852618
2023-06-03T06:00:00Z,27.555149237508964
2023-06-03T07:00:00Z,27.409691469975126
2023-06-03T08:00:00Z,27.439086536831653
2023-06-03T09:00:00Z,27.02821172666936
2023-06-03T10:00:00Z,27.573932043809403
2023-06-03T11:00:00Z,27.417023211610736
2023-06-03T12:00:00Z,27.874804784573666
2023-06-03T13:00:00Z,27.473552720548565
2023-06-03T14:00:00Z,26.951324679846422
2023-06-03T15:00:00Z,27.10977150277196
2023-06-03T16:00:00Z,27.593122311339727
2023-06-03T17:00:00Z,27.669388120547623
2023-06-03T18:00:00Z,27.283918879506146
2023-06-03T19:00:00Z,27.566799208220743
2023-06-03T20:00:00Z,27.297049963984907
2023-06-03T21:00:00Z,27.930285122989726
2023-06-03T22:00:00Z,27.244085147507278
2023-06-03T23:00:00Z,27.113278146721342
2023-06-04T00:00:00Z,27.630345624966942
2023-06-04T01:00:00Z,27.88134297353953
2023-06-04T02:00:00Z,27.68163095278883
2023-06-04T03:00:00Z,27.849751177767445
2023-06-04T04:00:00Z,27.86843239727342
2023-06-04T05:00:00Z,27.965958011827123
2023-06-04T06:00:00Z,27.861320988554386
2023-06-04T07:00:00Z,27.77919196594499
2023-06-04T08:00:00Z,28.011316242796234
2023-06-04T09:00:00Z,27.81044996129314
2023-06-04T10:00:00Z,28.45198418137261
2023-06-04T11:00:00Z,27.963598118594863
2023-06-04T12:00:00Z,28.2601760384818
2023-06-04T13:00:00Z,28.293369407277027
2023-06-04T14:00:00Z,27.551265651365878
2023-06-04T15:00:00Z,28.403308431117683
2023-06-04T16:00:00Z,28.22941772007434
2023-06-04T17:00:00Z,28.30018002706727
2023-06-04T18:00:00Z,28.961630300734818
2023-06-04T19:00:00Z,28.76459116151801
2023-06-04T20:00:00Z,28.557196460982954
2023-06-04T21:00:00Z,28.57381654495716
2023-06-04T22:00:00Z,28.70808766128947
2023-06-04T23:00:00Z,28.355772455225186
2023-06-05T00:00:00Z,28.296316429842804
2023-06-05T01:00:00Z,28.466520137127777
2023-06-05T02:00:00Z,28.603636727700792
2023-06-05T03:00:00Z,28.761667980596922
2023-06-05T04:00:00Z,28.87826425561395
2023-06-05T05:00:00Z,29.310324225830705
2023-06-05T06:00:00Z,29.365983373773265
2023-06-05T07:00:00Z,29.16683265318005
2023-06-05T08:00:00Z,28.890042094191017
2023-06-05T09:00:00Z,28.970139737912575
2023-06-05T10:00:00Z,29.66192556113387
2023-06-05T11:00:00Z,29.480015447739465
2023-06-05T12:00:00Z,29.683768435780426
2023-06-05T13:00:00Z,29.686984514650852
2023-06-05T14:00:00Z,30.253601611966136
2023-06-05T15:00:00Z,29.86258690505623
2023-06-05T16:00:00Z,29.42339177331313
2023-06-05T17:00:00Z,29.565743819957248
2023-06-05T18:00:00Z,29.830147632974022
2023-06-05T19:00:00Z,30.26590628420561
2023-06-05T20:00:00Z,29.945789597324872
2023-06-05T21:00:00Z,29.886959288976616
2023-06-05T22:00:00Z,30.075279373458958
2023-06-05T23:00:00Z,30.183798765147696
2023-06-06T00:00:00Z,30.227588313840474
2023-06-06T01:00:00Z,30.433772109891006
2023-06-06T02:00:00Z,30.29974730014149
2023-06-06T03:00:00Z,30.262059429739097
2023-06-06T04:00:00Z,30.56780557158407
2023-06-06T05:00:00Z,31.334484730763837
2023-06-06T06:00:00Z,31.03382739007696
2023-06-06T07:00:00Z,30.75032480342127
2023-06-06T08:00:00Z,30.97956064413029
2023-06-06T09:00:00Z,30.821604755773606
2023-06-06T10:00:00Z,31.084838784102065
2023-06-06T11:00:00Z,31.36843853071582
2023-06-06T12:00:00Z,30.807215593159633
2023-06-06T13:00:00Z,30.875032844252143
2023-06-06T14:00:00Z,30.630050218611423
2023-06-06T15:00:00Z,31.423515393767588
2023-06-06T16:00:00Z,31.250255453415164
2023-06-06T17:00:00Z,31.103645894136154
2023-06-06T18:00:00Z,31.39632328412125
2023-06-06T19:00:00Z,31.61990456334459
2023-06-06T20:00:00Z,31.707649602630052
2023-06-06T21:00:00Z,31.56790484808918
2023-06-06T22:00:00Z,31.81046355558561
2023-06-06T23:00:00Z,31.864918725728074
2023-06-07T00:00:00Z,31.785853855778516
2023-06-07T01:00:00Z,32.03472414577987
2023-06-07T02:00:00Z,31.95430437708953
2023-06-07T03:00:00Z,31.793177197398425
2023-06-07T04:00:00Z,31.421436667111987
2023-06-07T05:00:00Z,32.138176530856356
2023-06-07T06:00:00Z,32.29537716096112
2023-06-07T07:00:00Z,32.13609183163033
2023-06-07T08:00:00Z,32.21397592193634
2023-06-07T09:00:00Z,32.351476929711055
2023-06-07T10:00:00Z,32.5005866297339
2023-06-07T11:00:00Z,32.324824354593844
2023-06-07T12:00:00Z,32.13950252032416
2023-06-07T13:00:00Z,32.14532577265928
2023-06-07T14:00:00Z,31.88689429775095
2023-06-07T15:00:00Z,32.1052930185684
2023-06-07T16:00:00Z,32.357577524675754
2023-06-07T17:00:00Z,32.41907805981084
2023-06-07T18:00:00Z,32.63765924947425
2023-06-07T19:00:00Z,32.46571404053404
2023-06-07T20:00:00Z,32.42756587732993
2023-06-07T21:00:00Z,32.37123858056077
2023-06-07T22:00:00Z,32.572721383844616
2023-06-07T23:00:00Z,32.52622082221288
2023-06-08T00:00:00Z,32.38412080099516
2023-06-08T01:00:00Z,32.09496794647547
2023-06-08T02:00:00Z,32.93036484119393
2023-06-08T03:00:00Z,32.5383104670026
2023-06-08T04:00:00Z,32.63039688856108
2023-06-08T05:00:00Z,32.851877101679975
2023-06-08T06:00:00Z,32.88188029327708
2023-06-08T07:00:00Z,33.50394851251526
2023-06-08T08:00:00Z,33.379178754049214
2023-06-08T09:00:00Z,33.01672576540155
2023-06-08T10:00:00Z,32.85311388468354
2023-06-08T11:00:00Z,32.92811224554902
2023-06-08T12:00:00Z,33.59931104234756
2023-06-08T13:00:00Z,33.072257002427655
2023-06-08T14:00:00Z,33.327169545715236
2023-06-08T15:00:00Z,33.28504154366047
2023-06-08T16:00:00Z,33.251285583813186
2023-06-08T17:00:00Z,32.72501297696241
2023-06-08T18:00:00Z,33.34600015592879
2023-06-08T19:00:00Z,33.051510798198954
2023-06-08T20:00:00Z,32.749489989823985
2023-06-08T21:00:00Z,33.37055257670175
2023-06-08T22:00:00Z,33.56726981094488
2023-06-08T23:00:00Z,33.950267805516006
2023-06-09T00:00:00Z,33.226531596139765
2023-06-09T01:00:00Z,33.65537943913706
2023-06-09T02:00:00Z,33.43884098888781
2023-06-09T03:00:00Z,33.7497374099068
2023-06-09T04:00:00Z,33.1019549077811
2023-06-09T05:00:00Z,32.639198105054625
2023-06-09T06:00:00Z,33.26661309795464
2023-06-09T07:00:00Z,33.025699114076936
2023-06-09T08:00:00Z,32.905370805338265
2023-06-09T09:00:00Z,33.0617664642904
2023-06-09T10:00:00Z,33.028799638707916
2023-06-09T11:00:00Z,33.35553598036123
2023-06-09T12:00:00Z,32.88169180523638
2023-06-09T13:00:00Z,33.020622837693395
2023-06-09T14:00:00Z,33.36833166329971
2023-06-09T15:00:00Z,32.651946304817784
2023-06-09T16:00:00Z,33.07924950243792
2023-06-09T17:00:00Z,33.09682021787058
2023-06-09T18:00:00Z,32.69536457355639
2023-06-09T19:00:00Z,32.871777656705646
2023-06-09T20:00:00Z,32.92842198988353
2023-06-09T21:00:00Z,32.47036377879233
2023-06-09T22:00:00Z,32.81031247246123
2023-06-09T23:00:00Z,32.87059777194511
2023-06-10T00:00:00Z,33.16717900443288
2023-06-10T01:00:00Z,32.82436402406477
2023-06-10T02:00:00Z,32.7434024659642
2023-06-10T03:00:00Z,32.95376106044607
2023-06-10T04:00:00Z,32.864781390336496
2023-06-10T05:00:00Z,32.69932579523083
2023-06-10T06:00:00Z,33.36257823708195
2023-06-10T07:00:00Z,32.97494313368924
2023-06-10T08:00:00Z,32.65440352384129
2023-06-10T09:00:00Z,33.07859580549137
2023-06-10T10:00:00Z,33.331190555461454
2023-06-10T11:00:00Z,33.42537839676756
2023-06-10T12:00:00Z,32.98719422746554
2023-06-10T13:00:00Z,32.937905269396005
2023-06-10T14:00:00Z,33.488504020119414
2023-06-10T15:00:00Z,33.14426742093352
2023-06-10T16:00:00Z,33.51109204269073
2023-06-10T17:00:00Z,33.57542304446243
2023-06-10T18:00:00Z,33.05492136324301
2023-06-10T19:00:00Z,33.53810117967025
2023-06-10T20:00:00Z,33.763084602717115
2023-06-10T21:00:00Z,33.60807294739055
2023-06-10T22:00:00Z,33.008284354636984
2023-06-10T23:00:00Z,33.66963600000645
2023-06-11T00:00:00Z,33.052119790651886
2023-06-11T01:00:00Z,33.58524610069149
2023-06-11T02:00:00Z,33.32850145189092
2023-06-11T03:00:00Z,33.75196818523193
2023-06-11T04:00:00Z,33.431083730970855
2023-06-11T05:00:00Z,33.59872425460751
2023-06-11T06:00:00Z,33.42734415343332
2023-06-11T07:00:00Z,33.59997797447705
2023-06-11T08:00:00Z,33.13751707436997
2023-06-11T09:00:00Z,33.67346137381398
2023-06-11T10:00:00Z,33.29474756844239
2023-06-11T11:00:00Z,33.77905964474302
2023-06-11T12:00:00Z,34.080260564755626
2023-06-11T13:00:00Z,33.512461885309826
2023-06-11T14:00:00Z,33.88497307521631
2023-06-11T15:00:00Z,33.93101096139443
2023-06-11T16:00:00Z,33.70332248147027
2023-06-11T17:00:00Z,33.70155313919455
2023-06-11T18:00:00Z,34.20690880290196
2023-06-11T19:00:00Z,34.11584030041813
2023-06-11T20:00:00Z,33.26322475497981
2023-06-11T21:00:00Z,33.8354842623396
2023-06-11T22:00:00Z,34.29250745142105
2023-06-11T23:00:00Z,34.0888062834571
2023-06-12T00:00:00Z,33.873046050565236
2023-06-12T01:00:00Z,34.225214321899564
2023-06-12T02:00:00Z,34.13706810943888
2023-06-12T03:00:00Z,34.69032163379842
2023-06-12T04:00:00Z,33.763915794605374
2023-06-12T05:00:00Z,34.522469469043934
2023-06-12T06:00:00Z,34.396908312963404
2023-06-12T07:00:00Z,34.72924435364968
2023-06-12T08:00:00Z,34.69297872282646
2023-06-12T09:00:00Z,34.88806206085613
2023-06-12T10:00:00Z,34.727707337897066
2023-06-12T11:00:00Z,34.84520551065692
2023-06-12T12:00:00Z,35.205094704410726
2023-06-12T13:00:00Z,35.23048399565026
2023-06-12T14:00:00Z,35.3786564472575
2023-06-12T15:00:00Z,35.17424893047104
2023-06-12T16:00:00Z,35.08445625188918
2023-06-12T17:00:00Z,35.003701462300285
2023-06-12T18:00:00Z,35.45219563224698
2023-06-12T19:00:00Z,35.525142346287886
2023-06-12T20:00:00Z,35.27070338583213
2023-06-12T21:00:00Z,35.61170724848025
2023-06-12T22:00:00Z,35.51856794506762
2023-06-12T23:00:00Z,36.00912649258401
2023-06-13T00:00:00Z,35.66375626193236
2023-06-13T01:00:00Z,36.55340527776228
2023-06-13T02:00:00Z,35.511604631639926
2023-06-13T03:00:00Z,36.08763401180211
2023-06-13T04:00:00Z,36.37475995107731
2023-06-13T05:00:00Z,35.57901266190341
2023-06-13T06:00:00Z,36.13317675561319
2023-06-13T07:00:00Z,36.39526469630619
2023-06-13T08:00:00Z,36.20033257402222
2023-06-13T09:00:00Z,36.08688257953716
2023-06-13T10:00:00Z,36.118471246892994
2023-06-13T11:00:00Z,35.99211427265992
2023-06-13T12:00:00Z,36.363741915406784
2023-06-13T13:00:00Z,36.50957135617257
2023-06-13T14:00:00Z,36.60004519289715
2023-06-13T15:00:00Z,37.06617767875721
2023-06-13T16:00:00Z,36.730369262208306
2023-06-13T17:00:00Z,36.61635478755861
2023-06-13T18:00:00Z,36.54848585040274
2023-06-13T19:00:00Z,37.09738905574269
2023-06-13T20:00:00Z,37.04079232601724
2023-06-13T21:00:00Z,36.89255519221326
2023-06-13T22:00:00Z,36.93869749606555
2023-06-13T23:00:00Z,37.130907881569925
2023-06-14T00:00:00Z,36.93129228233954
2023-06-14T01:00:00Z,36.67048364339274
2023-06-14T02:00:00Z,36.893183899613554
2023-06-14T03:00:00Z,36.97058312778785
2023-06-14T04:00:00Z,36.943663952113724
2023-06-14T05:00:00Z,37.6419247028618
2023-06-14T06:00:00Z,37.02355500883955
2023-06-14T07:00:00Z,37.183871078854935
2023-06-14T08:00:00Z,37.39355972680176
2023-06-14T09:00:00Z,37.328153144034474
2023-06-14T10:00:00Z,37.3957147081485
2023-06-14T11:00:00Z,37.5119903837531
2023-06-14T12:00:00Z,37.42338406053882
2023-06-14T13:00:00Z,37.61767497924744
2023-06-14T14:00:00Z,37.13739403194116
2023-06-14T15:00:00Z,37.34899043562232
2023-06-14T16:00:00Z,37.86264976404344
2023-06-14T17:00:00Z,37.354584231884786
2023-06-14T18:00:00Z,37.445772997336306
2023-06-14T19:00:00Z,37.91533933212828
2023-06-14T20:00:00Z,37.604278473830014
2023-06-14T21:00:00Z,37.78779319815054
2023-06-14T22:00:00Z,37.69114072852227
2023-06-14T23:00:00Z,37.95942532381533
2023-06-15T00:00:00Z,37.39231351251728
2023-06-15T01:00:00Z,38.17500385433543
2023-06-15T02:00:00Z,38.108989832510964
2023-06-15T03:00:00Z,37.81420882299834
2023-06-15T04:00:00Z,37.76301920508266
2023-06-15T05:00:00Z,37.91973234220201
2023-06-15T06:00:00Z,37.787432552216
2023-06-15T07:00:00Z,37.712329868782746
2023-06-15T08:00:00Z,38.0177188695406
2023-06-15T09:00:00Z,37.8059929273207
2023-06-15T10:00:00Z,38.04748165300368
2023-06-15T11:00:00Z,37.380440104743
2023-06-15T12:00:00Z,38.108429778982945
2023-06-15T13:00:00Z,37.82764980932216
2023-06-15T14:00:00Z,37.875778825480445
2023-06-15T15:00:00Z,37.89723606704318
2023-06-15T16:00:00Z,37.89613598490404
2023-06-15T17:00:00Z,37.63159222778931
2023-06-15T18:00:00Z,38.08775539249145
2023-06-15T19:00:00Z,38.11241576464365
2023-06-15T20:00:00Z,38.09877272574103
2023-06-15T21:00:00Z,38.36112869307995
2023-06-15T22:00:00Z,38.23124023577091
2023-06-15T23:00:00Z,37.76723942355589
2023-06-16T00:00:00Z,38.097000188675494
2023-06-16T01:00:00Z,38.27021558895182
2023-06-16T02:00:00Z,38.365310635812094
2023-06-16T03:00:00Z,38.72447538243506
2023-06-16T04:00:00Z,38.214677008499955
2023-06-16T05:00:00Z,38.365757634561454
2023-06-16T06:00:00Z,37.49986249077397
2023-06-16T07:00:00Z,37.9421672153561
2023-06-16T08:00:00Z,37.64558502390351
2023-06-16T09:00:00Z,37.66363976502755
2023-06-16T10:00:00Z,37.79705363502845
2023-06-16T11:00:00Z,37.92173288026817
2023-06-16T12:00:00Z,38.29904431744213
2023-06-16T13:00:00Z,38.41796386645965
2023-06-16T14:00:00Z,37.93277939846418
2023-06-16T15:00:00Z,38.11028989533778
2023-06-16T16:00:00Z,38.213018736524546
2023-06-16T17:00:00Z,38.02131151336554
2023-06-16T18:00:00Z,38.33227523214956
2023-06-16T19:00:00Z,38.07950405725286
2023-06-16T20:00:00Z,38.02485373903951
2023-06-16T21:00:00Z,37.92426955391752
2023-06-16T22:00:00Z,37.78505115200625
2023-06-16T23:00:00Z,38.05283064238695
2023-06-17T00:00:00Z,38.127879944071736
2023-06-17T01:00:00Z,37.63407415641402
2023-06-17T02:00:00Z,38.155500700652134
2023-06-17T03:00:00Z,38.148990774939925
2023-06-17T04:00:00Z,38.29652185059737
2023-06-17T05:00:00Z,38.63375654223097
2023-06-17T06:00:00Z,38.545290788520894
2023-06-17T07:00:00Z,38.578344943481305
2023-06-17T08:00:00Z,38.79767025184418
2023-06-17T09:00:00Z,38.31610928010938
2023-06-17T10:00:00Z,38.93557688520666
2023-06-17T11:00:00Z,39.289223598986176
2023-06-17T12:00:00Z,38.78781333466517
2023-06-17T13:00:00Z,39.28553390485485
2023-06-17T14:00:00Z,39.0045280465544
2023-06-17T15:00:00Z,39.61264851204438
2023-06-17T16:00:00Z,39.76511169220626
2023-06-17T17:00:00Z,39.50923524316186
2023-06-17T18:00:00Z,39.62842455015297
2023-06-17T19:00:00Z,39.55303354348183
2023-06-17T20:00:00Z,40.078349826384176
2023-06-17T21:00:00Z,39.95716519303702
2023-06-17T22:00:00Z,39.81052569270553
2023-06-17T23:00:00Z,40.167034196557864
2023-06-18T00:00:00Z,40.3051332149042
2023-06-18T01:00:00Z,40.0919830315651
2023-06-18T02:00:00Z,40.18882811636411
2023-06-18T03:00:00Z,40.855721686897084
2023-06-18T04:00:00Z,40.26386408131097
2023-06-18T05:00:00Z,40.418177051226664
2023-06-18T06:00:00Z,40.279392768384156
2023-06-18T07:00:00Z,40.36938286477783
2023-06-18T08:00:00Z,40.1525157221219
2023-06-18T09:00:00Z,40.32352817979303
2023-06-18T10:00:00Z,40.609238772839696
2023-06-18T11:00:00Z,40.271573712769424
2023-06-18T12:00:00Z,40.233198978407806
2023-06-18T13:00:00Z,40.430487162264946
2023-06-18T14:00:00Z,40.65837017917792
2023-06-18T15:00:00Z,40.65325022951834
2023-06-18T16:00:00Z,40.94674656774111
2023-06-18T17:00:00Z,40.01722029085524
2023-06-18T18:00:00Z,40.63055964164136
2023-06-18T19:00:00Z,40.37458949097568
2023-06-18T20:00:00Z,40.51263039633531
2023-06-18T21:00:00Z,40.706553654565255
2023-06-18T22:00:00Z,40.56095680727828
2023-06-18T23:00:00Z,40.3047077173825
2023-06-19T00:00:00Z,40.6926545281758
2023-06-19T01:00:00Z,40.46685798992562
2023-06-19T02:00:00Z,40.95550555182387
2023-06-19T03:00:00Z,41.0805424038476
2023-06-19T04:00:00Z,41.242688617406706
2023-06-19T05:00:00Z,41.291995664786874
2023-06-19T06:00:00Z,41.12973420025968
2023-06-19T07:00:00Z,41.21489147285339
2023-06-19T08:00:00Z,40.88550565456157
2023-06-19T09:00:00Z,41.14221146755458
2023-06-19T10:00:00Z,41.36706751994932
2023-06-19T11:00:00Z,41.37640656970241
2023-06-19T12:00:00Z,41.382087300811996
2023-06-19T13:00:00Z,41.16176075878588
2023-06-19T14:00:00Z,41.58099176434654
2023-06-19T15:00:00Z,41.89694772332163
2023-06-19T16:00:00Z,41.55195582018863
2023-06-19T17:00:00Z,41.558564694168794
2023-06-19T18:00:00Z,42.08782139470869
2023-06-19T19:00:00Z,41.434888728016006
2023-06-19T20:00:00Z,41.974636928524816
2023-06-19T21:00:00Z,41.74832356971772
2023-06-19T22:00:00Z,41.62755308057168
2023-06-19T23:00:00Z,41.72520925453668
2023-06-20T00:00:00Z,42.38478814133489
2023-06-20T01:00:00Z,41.979125585349344
2023-06-20T02:00:00Z,42.13649798399072
2023-06-20T03:00:00Z,42.27590697194614
2023-06-20T04:00:00Z,41.73513648335605
2023-06-20T05:00:00Z,41.97096592557542
2023-06-20T06:00:00Z,41.90960364625526
2023-06-20T07:00:00Z,41.98507737259171
2023-06-20T08:00:00Z,41.921210487801424
2023-06-20T09:00:00Z,41.83527640338405
2023-06-20T10:00:00Z,41.930368940750995
2023-06-20T11:00:00Z,41.98221215329939
2023-06-20T12:00:00Z,41.82563957139801
2023-06-20T13:00:00Z,42.47976612281692
2023-06-20T14:00:00Z,42.153047354928276
2023-06-20T15:00:00Z,41.865862229904586
2023-06-20T16:00:00Z,41.92433617224676
2023-06-20T17:00:00Z,41.790735505057356
2023-06-20T18:00:00Z,41.92253715105915
2023-06-20T19:00:00Z,41.8416068647806
2023-06-20T20:00:00Z,41.91522776011177
2023-06-20T21:00:00Z,42.055427177309944
2023-06-20T22:00:00Z,41.98122120815714
2023-06-20T23:00:00Z,42.04777682644259
2023-06-21T00:00:00Z,42.31587226614497
2023-06-21T01:00:00Z,41.834223750748805
2023-06-21T02:00:00Z,42.248823953730806
2023-06-21T03:00:00Z,42.45490506538473
2023-06-21T04:00:00Z,42.150298827384056
2023-06-21T05:00:00Z,42.13915125518636
2023-06-21T06:00:00Z,41.939093052474774
2023-06-21T07:00:00Z,42.51948617203094
2023-06-21T08:00:00Z,42.63737942063562
2023-06-21T09:00:00Z,42.78539506208035
2023-06-21T10:00:00Z,42.676268399997625
2023-06-21T11:00:00Z,42.810511372783495
2023-06-21T12:00:00Z,43.28960224909712
2023-06-21T13:00:00Z,43.01558771366693
2023-06-21T14:00:00Z,43.21880577626891
2023-06-21T15:00:00Z,42.87310910051055
2023-06-21T16:00:00Z,43.25781955636569
2023-06-21T17:00:00Z,42.812115533587686
2023-06-21T18:00:00Z,43.77000878238648
2023-06-21T19:00:00Z,43.7732183845985
2023-06-21T20:00:00Z,43.89910396571225
2023-06-21T21:00:00Z,44.059545036847986
2023-06-21T22:00:00Z,43.98188823625139
2023-06-21T23:00:00Z,44.53662733837142
2023-06-22T00:00:00Z,43.684775699576996
2023-06-22T01:00:00Z,44.05167717389895
2023-06-22T02:00:00Z,44.184242854594025
2023-06-22T03:00:00Z,44.49570256609098
2023-06-22T04:00:00Z,44.51403489790279
2023-06-22T05:00:00Z,44.13412601502451
2023-06-22T06:00:00Z,44.26864459377149
2023-06-22T07:00:00Z,44.17780408561105
2023-06-22T08:00:00Z,44.22290292458061
2023-06-22T09:00:00Z,44.28902908181669
2023-06-22T10:00:00Z,44.305877164491214
2023-06-22T11:00:00Z,44.59890563894936
2023-06-22T12:00:00Z,44.0600246457541
2023-06-22T13:00:00Z,43.87417025908719
2023-06-22T14:00:00Z,44.2849821667847
2023-06-22T15:00:00Z,44.394443707230884
2023-06-22T16:00:00Z,44.40544158934139
2023-06-22T17:00:00Z,44.1156436828312
2023-06-22T18:00:00Z,43.89422750848866
2023-06-22T19:00:00Z,43.9366894768321
2023-06-22T20:00:00Z,43.92095239589665
2023-06-22T21:00:00Z,44.270819264633225
2023-06-22T22:00:00Z,44.39917067461672
2023-06-22T23:00:00Z,44.77673834351434
2023-06-23T00:00:00Z,44.28747963636427
2023-06-23T01:00:00Z,44.34676143443127
2023-06-23T02:00:00Z,44.456028200681025
2023-06-23T03:00:00Z,44.45245605536223
2023-06-23T04:00:00Z,44.96293637346271
2023-06-23T05:00:00Z,44.69721415012569
2023-06-23T06:00:00Z,44.662272058872524
2023-06-23T07:00:00Z,44.96898636952666
2023-06-23T08:00:00Z,45.03463966009672
2023-06-23T09:00:00Z,44.668795166501525
2023-06-23T10:00:00Z,44.25141959367464
2023-06-23T11:00:00Z,45.16924801767139
2023-06-23T12:00:00Z,45.15544909778102
2023-06-23T13:00:00Z,45.27067424230282
2023-06-23T14:00:00Z,45.31821981022481
2023-06-23T15:00:00Z,45.29650490254412
2023-06-23T16:00:00Z,45.34013302016659
2023-06-23T17:00:00Z,44.994323259661854
2023-06-23T18:00:00Z,45.501916517197614
2023-06-23T19:00:00Z,45.33781868916867
2023-06-23T20:00:00Z,45.78479450405804
2023-06-23T21:00:00Z,46.020019982132695
2023-06-23T22:00:00Z,45.51545291556268
2023-06-23T23:00:00Z,46.23796692166061
2023-06-24T00:00:00Z,45.565400500936775
2023-06-24T01:00:00Z,45.90073569974313
2023-06-24T02:00:00Z,45.97236451737968
2023-06-24T03:00:00Z,45.82258125086955
2023-06-24T04:00:00Z,45.80723367321701
2023-06-24T05:00:00Z,46.186023893172084
2023-06-24T06:00:00Z,45.695628410071464
2023-06-24T07:00:00Z,45.82495910524264
2023-06-24T08:00:00Z,46.3780106980736
2023-06-24T09:00:00Z,46.30359974518266
2023-06-24T10:00:00Z,45.88196126069085
2023-06-24T11:00:00Z,46.347156317721804
2023-06-24T12:00:00Z,46.1591478519005
2023-06-24T13:00:00Z,46.494262092132864
2023-06-24T14:00:00Z,45.927445337616625
2023-06-24T15:00:00Z,46.43504617542329
2023-06-24T16:00:00Z,46.543997768113
2023-06-24T17:00:00Z,46.707601029140896
2023-06-24T18:00:00Z,46.69416630742801
2023-06-24T19:00:00Z,46.60858056657595
2023-06-24T20:00:00Z,46.697474895828115
2023-06-24T21:00:00Z,47.191581123249485
2023-06-24T22:00:00Z,47.167737382138505
2023-06-24T23:00:00Z,46.60758449241606
2023-06-25T00:00:00Z,46.81052243508017
2023-06-25T01:00:00Z,46.886800522307645
2023-06-25T02:00:00Z,46.82494793021416
2023-06-25T03:00:00Z,47.45922114460261
2023-06-25T04:00:00Z,47.108497729546954
2023-06-25T05:00:00Z,46.73990819656134
2023-06-25T06:00:00Z,46.79634245826659
2023-06-25T07:00:00Z,46.985274564987456
2023-06-25T08:00:00Z,47.15629548430427
2023-06-25T09:00:00Z,47.02523563592703
2023-06-25T10:00:00Z,47.185625978567096
2023-06-25T11:00:00Z,47.04470287445089
2023-06-25T12:00:00Z,46.70452053890978
2023-06-25T13:00:00Z,46.94228636908355
2023-06-25T14:00:00Z,47.16423976885932
2023-06-25T15:00:00Z,47.43262162955432
2023-06-25T16:00:00Z,47.19873122809653
2023-06-25T17:00:00Z,46.755989293546634
2023-06-25T18:00:00Z,47.293401187269815
2023-06-25T19:00:00Z,47.06490883813447
2023-06-25T20:00:00Z,47.55918238956577
2023-06-25T21:00:00Z,47.412345298556986
2023-06-25T22:00:00Z,47.228050091032706
2023-06-25T23:00:00Z,47.47288956924326
2023-06-26T00:00:00Z,47.57241922622985
2023-06-26T01:00:00Z,47.09598539707661
2023-06-26T02:00:00Z,47.77787929144596
2023-06-26T03:00:00Z,47.19455735030483
2023-06-26T04:00:00Z,47.4252128466752
2023-06-26T05:00:00Z,47.548305802209605
2023-06-26T06:00:00Z,47.145336751141805
2023-06-26T07:00:00Z,47.682656443385106
2023-06-26T08:00:00Z,47.34431778604191
2023-06-26T09:00:00Z,47.31468367112627
2023-06-26T10:00:00Z,47.660201275585486
2023-06-26T11:00:00Z,47.493617395866416
2023-06-26T12:00:00Z,46.99467167104434
2023-06-26T13:00:00Z,47.163779567426886
2023-06-26T14:00:00Z,47.53333414688791
2023-06-26T15:00:00Z,47.349616922269874
2023-06-26T16:00:00Z,46.960821458165974
2023-06-26T17:00:00Z,47.543073210593974
2023-06-26T18:00:00Z,47.153364753596684
2023-06-26T19:00:00Z,47.462492465114586
2023-06-26T20:00:00Z,47.45437007858016
2023-06-26T21:00:00Z,47.20304249330847
2023-06-26T22:00:00Z,47.967612218438816
2023-06-26T23:00:00Z,47.232510550158345
2023-06-27T00:00:00Z,47.414204843208594
2023-06-27T01:00:00Z,47.449623272794454
2023-06-27T02:00:00Z,46.98880804345885
2023-06-27T03:00:00Z,47.51950896320728
2023-06-27T04:00:00Z,47.596051952801204
2023-06-27T05:00:00Z,47.42211907683676
2023-06-27T06:00:00Z,48.05353847046858
2023-06-27T07:00:00Z,47.733104723478235
2023-06-27T08:00:00Z,48.04443564024311
2023-06-27T09:00:00Z,47.706950241317834
2023-06-27T10:00:00Z,47.91208616520863
2023-06-27T11:00:00Z,47.93020176691922
2023-06-27T12:00:00Z,48.3078666858327
2023-06-27T13:00:00Z,47.78784169344087
2023-06-27T14:00:00Z,47.917244507317356
2023-06-27T15:00:00Z,48.54823089819525
2023-06-27T16:00:00Z,48.7370051786095
2023-06-27T17:00:00Z,48.642567316939754
2023-06-27T18:00:00Z,48.46549494563734
2023-06-27T19:00:00Z,48.821639124713684
2023-06-27T20:00:00Z,48.704490902302005
2023-06-27T21:00:00Z,49.329679996377706
2023-06-27T22:00:00Z,48.76183713356082
2023-06-27T23:00:00Z,48.841114670765656
2023-06-28T00:00:00Z,48.98093812393224
2023-06-28T01:00:00Z,48.98669820747069
2023-06-28T02:00:00Z,49.24922090121736
2023-06-28T03:00:00Z,49.19567955433496
2023-06-28T04:00:00Z,49.52787356250697
2023-06-28T05:00:00Z,49.158210391835446
2023-06-28T06:00:00Z,49.78455498611658
2023-06-28T07:00:00Z,49.43464847102079
2023-06-28T08:00:00Z,49.99307578959232
2023-06-28T09:00:00Z,49.92771329062964
2023-06-28T10:00:00Z,49.982813257783285
2023-06-28T11:00:00Z,50.16015122892718
2023-06-28T12:00:00Z,50.21228555571641
2023-06-28T13:00:00Z,49.975030564424664
2023-06-28T14:00:00Z,49.89299690955676
2023-06-28T15:00:00Z,50.52157728678219
2023-06-28T16:00:00Z,50.092286835363396
2023-06-28T17:00:00Z,50.41108941476097
2023-06-28T18:00:00Z,50.68155661916988
2023-06-28T19:00:00Z,50.743448503816964
2023-06-28T20:00:00Z,50.704512816312224
2023-06-28T21:00:00Z,50.82580485323847
2023-06-28T22:00:00Z,51.027775581196096
2023-06-28T23:00:00Z,50.84708903711076
2023-06-29T00:00:00Z,50.70478869198263
2023-06-29T01:00:00Z,51.552716118299905
2023-06-29T02:00:00Z,51.241441272840206
2023-06-29T03:00:00Z,50.908339326945374
2023-06-29T04:00:00Z,50.67534410347488
2023-06-29T05:00:00Z,51.297929737093426
2023-06-29T06:00:00Z,51.098588456583194
2023-06-29T07:00:00Z,51.01731662290029
2023-06-29T08:00:00Z,51.202480806960274
2023-06-29T09:00:00Z,51.745763311327345
2023-06-29T10:00:00Z,51.13655673838089
2023-06-29T11:00:00Z,51.69023428972879
2023-06-29T12:00:00Z,51.326880660302834
2023-06-29T13:00:00Z,51.195550751140104
2023-06-29T14:00:00Z,51.00029892803826
2023-06-29T15:00:00Z,51.415541811062106
2023-06-29T16:00:00Z,51.3979859891379
2023-06-29T17:00:00Z,51.27950520418212
2023-06-29T18:00:00Z,51.50419994465999
2023-06-29T19:00:00Z,51.352769252832026
2023-06-29T20:00:00Z,51.71370551072941
2023-06-29T21:00:00Z,51.63475190231648
2023-06-29T22:00:00Z,51.87713352502504
2023-06-29T23:00:00Z,51.562429578796404
2023-06-30T00:00:00Z,51.93378533270795
2023-06-30T01:00:00Z,51.98076474538654
2023-06-30T02:00:00Z,51.40438118958232
2023-06-30T03:00:00Z,51.609505262403985
2023-06-30T04:00:00Z,51.46503885667517
2023-06-30T05:00:00Z,51.99440978639557
2023-06-30T06:00:00Z,51.60661297073596
2023-06-30T07:00:00Z,51.270551403573876
2023-06-30T08:00:00Z,51.637041042711694
2023-06-30T09:00:00Z,52.16631553697073
2023-06-30T10:00:00Z,52.130485098334844
2023-06-30T11:00:00Z,51.569409962976906
2023-06-30T12:00:00Z,51.80803284688929
2023-06-30T13:00:00Z,51.78181358127521
2023-06-30T14:00:00Z,51.80237488459617
2023-06-30T15:00:00Z,51.79337269391255
2023-06-30T16:00:00Z,51.493692845232886
2023-06-30T17:00:00Z,51.31097436869902
2023-06-30T18:00:00Z,51.61527001088592
2023-06-30T19:00:00Z,51.64142591773317
2023-06-30T20:00:00Z,52.1141194356349
2023-06-30T21:00:00Z,51.56993747625352
2023-06-30T22:00:00Z,51.78180210035655
2023-06-30T23:00:00Z,51.647623554414594
2023-07-01T00:00:00Z,51.633965069290966
2023-07-01T01:00:00Z,51.49706105417434
2023-07-01T02:00:00Z,51.71096180204912
2023-07-01T03:00:00Z,51.688696337642654
2023-07-01T04:00:00Z,51.75965471861187
2023-07-01T05:00:00Z,52.15503911698983
2023-07-01T06:00:00Z,52.05080781322863
2023-07-01T07:00:00Z,51.99400904283804
2023-07-01T08:00:00Z,51.43503833517485
2023-07-01T09:00:00Z,52.083437475355545
2023-07-01T10:00:00Z,51.94710311609882
2023-07-01T11:00:00Z,51.64068905724005
2023-07-01T12:00:00Z,51.861927377876945
2023-07-01T13:00:00Z,52.35996762788443
2023-07-01T14:00:00Z,52.34119579703129
2023-07-01T15:00:00Z,52.324165261017
2023-07-01T16:00:00Z,52.27691236962848
2023-07-01T17:00:00Z,52.262699104710435
2023-07-01T18:00:00Z,52.47455653213822
2023-07-01T19:00:00Z,52.40071764620406
2023-07-01T20:00:00Z,52.56297693028013
2023-07-01T21:00:00Z,52.18600626404261
2023-07-01T22:00:00Z,52.88511142103028
2023-07-01T23:00:00Z,52.4422214763498
2023-07-02T00:00:00Z,52.92313115008376
2023-07-02T01:00:00Z,52.49106605414758
2023-07-02T02:00:00Z,52.73172087838461
2023-07-02T03:00:00Z,53.17388558378491
2023-07-02T04:00:00Z,52.36923714247469
2023-07-02T05:00:00Z,52.56133998493668
2023-07-02T06:00:00Z,52.82627344559589
2023-07-02T07:00:00Z,52.58642571151077
2023-07-02T08:00:00Z,52.73034546667
2023-07-02T09:00:00Z,52.843031811561474
2023-07-02T10:00:00Z,52.86914089013352
2023-07-02T11:00:00Z,53.285630567515234
2023-07-02T12:00:00Z,52.79328441124032
2023-07-02T13:00:00Z,52.83774139574353
2023-07-02T14:00:00Z,53.23529236696808
2023-07-02T15:00:00Z,52.94894986471826
2023-07-02T16:00:00Z,52.62753111276956
2023-07-02T17:00:00Z,53.14402305555797
2023-07-02T18:00:00Z,52.925048354733676
2023-07-02T19:00:00Z,52.97211675876906
2023-07-02T20:00:00Z,53.142111631086934
2023-07-02T21:00:00Z,52.93838327033858
2023-07-02T22:00:00Z,53.00969628140719
2023-07-02T23:00:00Z,53.07638370724118
2023-07-03T00:00:00Z,53.03336081341839
2023-07-03T01:00:00Z,53.56578569289651
2023-07-03T02:00:00Z,53.36042482132173
2023-07-03T03:00:00Z,53.441669908548185
2023-07-03T04:00:00Z,53.111137699718206
2023-07-03T05:00:00Z,52.94188004317428
2023-07-03T06:00:00Z,53.17011863999529
2023-07-03T07:00:00Z,52.91687541757476
2023-07-03T08:00:00Z,53.39140322023309
2023-07-03T09:00:00Z,53.13180353614795
2023-07-03T10:00:00Z,52.929389372715406
2023-07-03T11:00:00Z,52.86931625352914
2023-07-03T12:00:00Z,53.189784326263165
2023-07-03T13:00:00Z,53.161476692340024
2023-07-03T14:00:00Z,53.038793036001984
2023-07-03T15:00:00Z,52.966849775243084
2023-07-03T16:00:00Z,53.074476492463305
2023-07-03T17:00:00Z,53.02870635993224
2023-07-03T18:00:00Z,53.181983382670865
2023-07-03T19:00:00Z,53.050750329477246
2023-07-03T20:00:00Z,52.83660772656813
2023-07-03T21:00:00Z,52.691940220731524
2023-07-03T22:00:00Z,53.51975726280133
2023-07-03T23:00:00Z,52.844464828939216
2023-07-04T00:00:00Z,52.70293399095349
2023-07-04T01:00:00Z,52.4915074773143
2023-07-04T02:00:00Z,52.94149528957423
2023-07-04T03:00:00Z,52.858338483492744
2023-07-04T04:00:00Z,53.31823226733434
2023-07-04T05:00:00Z,53.093830917510836
2023-07-04T06:00:00Z,52.96647318084392
2023-07-04T07:00:00Z,53.05864763723028
2023-07-04T08:00:00Z,53.27558886957646
2023-07-04T09:00:00Z,52.91047656418637
2023-07-04T10:00:00Z,53.14220112029984
2023-07-04T11:00:00Z,54.07523795013428
2023-07-04T12:00:00Z,53.266230196618935
2023-07-04T13:00:00Z,53.59808373654636
2023-07-04T14:00:00Z,53.72831135012774
2023-07-04T15:00:00Z,53.43888289655165
2023-07-04T16:00:00Z,53.53961693513961
2023-07-04T17:00:00Z,53.090578758781646
2023-07-04T18:00:00Z,53.625830252369575
2023-07-04T19:00:00Z,53.35325801186733
2023-07-04T20:00:00Z,53.743789471326146
2023-07-04T21:00:00Z,53.78643139298866
2023-07-04T22:00:00Z,53.86840372569461
2023-07-04T23:00:00Z,54.14276177039575
2023-07-05T00:00:00Z,53.99249950991288
2023-07-05T01:00:00Z,54.074442053493726
2023-07-05T02:00:00Z,53.977181184667494
2023-07-05T03:00:00Z,53.61356361685604
2023-07-05T04:00:00Z,53.92477307654574
2023-07-05T05:00:00Z,53.7687448724333
2023-07-05T06:00:00Z,54.0805376264114
2023-07-05T07:00:00Z,54.165895371543016
2023-07-05T08:00:00Z,54.000533707777954
2023-07-05T09:00:00Z,53.57561633218293
2023-07-05T10:00:00Z,53.90067944328215
2023-07-05T11:00:00Z,54.00522273929123
2023-07-05T12:00:00Z,54.3379663848393
2023-07-05T13:00:00Z,54.14275558622517
2023-07-05T14:00:00Z,53.919832034000926
2023-07-05T15:00:00Z,54.341392525775554
2023-07-05T16:00:00Z,54.25468505483079
2023-07-05T17:00:00Z,53.9007605830766
2023-07-05T18:00:00Z,53.79873193073695
2023-07-05T19:00:00Z,53.662136874147066
2023-07-05T20:00:00Z,54.38864323877024
2023-07-05T21:00:00Z,54.068727675326066
2023-07-05T22:00:00Z,54.13166525884184
2023-07-05T23:00:00Z,54.29936750898189
2023-07-06T00:00:00Z,53.83804766222255
2023-07-06T01:00:00Z,53.90137511936255
2023-07-06T02:00:00Z,54.21754477537304
2023-07-06T03:00:00Z,54.07605028744032
2023-07-06T04:00:00Z,54.1644749214604
2023-07-06T05:00:00Z,53.68556328408084
2023-07-06T06:00:00Z,53.89332590336987
2023-07-06T07:00:00Z,53.543354550882974
2023-07-06T08:00:00Z,54.243596400242865
2023-07-06T09:00:00Z,54.06938916008715
2023-07-06T10:00:00Z,53.95881342429545
2023-07-06T11:00:00Z,54.170790776342564
2023-07-06T12:00:00Z,54.27079838704259
2023-07-06T13:00:00Z,54.40199049316419
2023-07-06T14:00:00Z,53.49359368076521
2023-07-06T15:00:00Z,53.702716099870514
2023-07-06T16:00:00Z,53.58919772027
2023-07-06T17:00:00Z,54.36692034497027
2023-07-06T18:00:00Z,53.61779828269278
2023-07-06T19:00:00Z,53.6154055238701
2023-07-06T20:00:00Z,53.695427159092326
2023-07-06T21:00:00Z,53.356077137997346
2023-07-06T22:00:00Z,53.7800822359052
2023-07-06T23:00:00Z,53.858103244173606
2023-07-07T00:00:00Z,53.63223197152289
2023-07-07T01:00:00Z,53.57764190537291
2023-07-07T02:00:00Z,53.69322577071326
2023-07-07T03:00:00Z,54.0919416988867
2023-07-07T04:00:00Z,53.80077491327273
2023-07-07T05:00:00Z,54.05729242285541
2023-07-07T06:00:00Z,53.77770736205052
2023-07-07T07:00:00Z,54.033075853451884
2023-07-07T08:00:00Z,53.841112552450156
2023-07-07T09:00:00Z,54.05698578461466
2023-07-07T10:00:00Z,53.787181478529234
2023-07-07T11:00:00Z,54.22908828530094
2023-07-07T12:00:00Z,53.724440118609586
2023-07-07T13:00:00Z,53.699704135092574
2023-07-07T14:00:00Z,53.946685605735254
2023-07-07T15:00:00Z,53.68270020566356
2023-07-07T16:00:00Z,54.035141771994205
2023-07-07T17:00:00Z,54.03983433734869
2023-07-07T18:00:00Z,54.367901437036245
2023-07-07T19:00:00Z,54.361754334572325
2023-07-07T20:00:00Z,54.182699133378435
2023-07-07T21:00:00Z,53.95303133601322
2023-07-07T22:00:00Z,54.46585512155192
2023-07-07T23:00:00Z,54.320684184546664
2023-07-08T00:00:00Z,54.39202780470593
2023-07-08T01:00:00Z,54.37906341003978
2023-07-08T02:00:00Z,53.68372288874802
2023-07-08T03:00:00Z,54.34637386056901
2023-07-08T04:00:00Z,54.283176459551946
2023-07-08T05:00:00Z,54.4733413369437
2023-07-08T06:00:00Z,54.18075401590613
2023-07-08T07:00:00Z,53.83432583248324
2023-07-08T08:00:00Z,54.04378614970942
2023-07-08T09:00:00Z,54.210735817695635
2023-07-08T10:00:00Z,53.980869890913745
2023-07-08T11:00:00Z,54.10558466325854
2023-07-08T12:00:00Z,54.509533460787615
2023-07-08T13:00:00Z,54.59311503985474
2023-07-08T14:00:00Z,54.20512170712899
2023-07-08T15:00:00Z,54.28050862802238
2023-07-08T16:00:00Z,54.433198264445245
2023-07-08T17:00:00Z,54.259072882540956
2023-07-08T18:00:00Z,53.91353867187657
2023-07-08T19:00:00Z,53.67399841139747
2023-07-08T20:00:00Z,53.98252976770205
2023-07-08T21:00:00Z,54.611595865243096
2023-07-08T22:00:00Z,54.134660820107555
2023-07-08T23:00:00Z,53.93569924140771
2023-07-09T00:00:00Z,53.78354058190227
2023-07-09T01:00:00Z,54.20929206163776
2023-07-09T02:00:00Z,53.94459955885385
2023-07-09T03:00:00Z,54.22630825782475
2023-07-09T04:00:00Z,54.27997816595467
2023-07-09T05:00:00Z,54.42377286527783
2023-07-09T06:00:00Z,54.40654136392633
2023-07-09T07:00:00Z,54.24735291595626
2023-07-09T08:00:00Z,54.080807806928846
2023-07-09T09:00:00Z,54.35862351299616
2023-07-09T10:00:00Z,54.192692037016144
2023-07-09T11:00:00Z,54.656473228619696
2023-07-09T12:00:00Z,54.76083104801775
2023-07-09T13:00:00Z,54.24008401966526
2023-07-09T14:00:00Z,54.19956783487857
2023-07-09T15:00:00Z,54.29941368679617
2023-07-09T16:00:00Z,54.325379597619985
2023-07-09T17:00:00Z,54.58204941110034
2023-07-09T18:00:00Z,54.69678805391227
2023-07-09T19:00:00Z,54.67185552050751
2023-07-09T20:00:00Z,54.70517139204071
2023-07-09T21:00:00Z,54.37048499252339
2023-07-09T22:00:00Z,54.30728975713858
2023-07-09T23:00:00Z,54.72454487728917
2023-07-10T00:00:00Z,54.72175953520775
2023-07-10T01:00:00Z,54.70152469615303
2023-07-10T02:00:00Z,54.71484737052653
2023-07-10T03:00:00Z,54.735342343430794
2023-07-10T04:00:00Z,54.779786739438805
2023-07-10T05:00:00Z,54.797351538557756
2023-07-10T06:00:00Z,54.66308103653979
2023-07-10T07:00:00Z,54.99489250451182
2023-07-10T08:00:00Z,54.54146567479001
2023-07-10T09:00:00Z,54.67918455864673
2023-07-10T10:00:00Z,54.91478478304505
2023-07-10T11:00:00Z,55.0464980529989
2023-07-10T12:00:00Z,54.82120212061112
2023-07-10T13:00:00Z,55.22269279141001
2023-07-10T14:00:00Z,54.61772989659266
2023-07-10T15:00:00Z,55.44396110169341
2023-07-10T16:00:00Z,55.022546335356154
2023-07-10T17:00:00Z,54.811651269415336
2023-07-10T18:00:00Z,54.89336761376286
2023-07-10T19:00:00Z,55.00398595051105
2023-07-10T20:00:00Z,55.10697932603574
2023-07-10T21:00:00Z,55.208199424748194
2023-07-10T22:00:00Z,55.1751899867172
2023-07-10T23:00:00Z,54.69471483597218
2023-07-11T00:00:00Z,55.07750388742888
2023-07-11T01:00:00Z,55.1199539107191
2023-07-11T02:00:00Z,54.89812906819322
2023-07-11T03:00:00Z,55.257467204948924
2023-07-11T04:00:00Z,55.238503123329565
2023-07-11T05:00:00Z,55.83794286118399
2023-07-11T06:00:00Z,55.33645162695117
2023-07-11T07:00:00Z,55.782481489332966
2023-07-11T08:00:00Z,55.96390363664174
2023-07-11T09:00:00Z,55.63319193318631
2023-07-11T10:00:00Z,56.519880673992525
2023-07-11T11:00:00Z,56.16045982798204
2023-07-11T12:00:00Z,55.68045634594823
2023-07-11T13:00:00Z,56.26752624805371
2023-07-11T14:00:00Z,56.274173940446445
2023-07-11T15:00:00Z,55.62743929951962
2023-07-11T16:00:00Z,56.440775872975024
2023-07-11T17:00:00Z,55.98676483310593
2023-07-11T18:00:00Z,56.482882030476254
2023-07-11T19:00:00Z,56.01745087633598
2023-07-11T20:00:00Z,56.45872904732593
2023-07-11T21:00:00Z,56.3443853239027
2023-07-11T22:00:00Z,56.73765818337783
2023-07-11T23:00:00Z,56.56368890519165
2023-07-12T00:00:00Z,56.514297510113316
2023-07-12T01:00:00Z,57.422860916670444
2023-07-12T02:00:00Z,57.178809551751044
2023-07-12T03:00:00Z,56.74627867126479
2023-07-12T04:00:00Z,57.05968166626508
2023-07-12T05:00:00Z,56.752105111664385
2023-07-12T06:00:00Z,56.88587885997957
2023-07-12T07:00:00Z,56.931088139210246
2023-07-12T08:00:00Z,57.41206598024445
2023-07-12T09:00:00Z,56.856487449353175
2023-07-12T10:00:00Z,56.62551399516162
2023-07-12T11:00:00Z,56.9283232997597
2023-07-12T12:00:00Z,57.27207720423375
2023-07-12T13:00:00Z,57.2711066404843
2023-07-12T14:00:00Z,57.84304847857367
2023-07-12T15:00:00Z,57.67853257562984
2023-07-12T16:00:00Z,57.211049887215346
2023-07-12T17:00:00Z,57.35459628035023
2023-07-12T18:00:00Z,57.56730322160968
2023-07-12T19:00:00Z,57.670390652826676
2023-07-12T20:00:00Z,57.51673873686293
2023-07-12T21:00:00Z,57.459349335671945
2023-07-12T22:00:00Z,57.03480395279488
2023-07-12T23:00:00Z,57.92297013990801
2023-07-13T00:00:00Z,57.92709303353523
2023-07-13T01:00:00Z,58.15711555721405
2023-07-13T02:00:00Z,58.44596411985162
2023-07-13T03:00:00Z,57.83727085899435
2023-07-13T04:00:00Z,58.029058449068764
2023-07-13T05:00:00Z,58.054195192032374
2023-07-13T06:00:00Z,57.46578485658197
2023-07-13T07:00:00Z,58.09482584219946
2023-07-13T08:00:00Z,58.423162965825895
2023-07-13T09:00:00Z,58.39968657653331
2023-07-13T10:00:00Z,58.27451637825659
2023-07-13T11:00:00Z,57.964631569255275
2023-07-13T12:00:00Z,58.00384232257411
2023-07-13T13:00:00Z,58.619424755291696
2023-07-13T14:00:00Z,58.864234490508835
2023-07-13T15:00:00Z,58.61982291829894
2023-07-13T16:00:00Z,58.57140674305744
2023-07-13T17:00:00Z,58.67698319915771
2023-07-13T18:00:00Z,58.032280029124834
2023-07-13T19:00:00Z,58.26130807408168
2023-07-13T20:00:00Z,58.013763350367206
2023-07-13T21:00:00Z,58.75959102655278
2023-07-13T22:00:00Z,58.487935911535004
2023-07-13T23:00:00Z,58.838185457174866
2023-07-14T00:00:00Z,58.95489242053086
2023-07-14T01:00:00Z,58.9855003540129
2023-07-14T02:00:00Z,58.988697994568305
2023-07-14T03:00:00Z,59.36325214096996
2023-07-14T04:00:00Z,58.91134062997651
2023-07-14T05:00:00Z,59.75433041818149
2023-07-14T06:00:00Z,59.823127617118054
2023-07-14T07:00:00Z,59.92142937240597
2023-07-14T08:00:00Z,59.91802048858981
2023-07-14T09:00:00Z,60.07133803897572
2023-07-14T10:00:00Z,60.53704176592295
2023-07-14T11:00:00Z,60.22124102926089
2023-07-14T12:00:00Z,59.767770315474095
2023-07-14T13:00:00Z,60.786392328348704
2023-07-14T14:00:00Z,60.47962540858108
2023-07-14T15:00:00Z,61.10305943318054
2023-07-14T16:00:00Z,61.26422353145156
2023-07-14T17:00:00Z,60.84321563744185
2023-07-14T18:00:00Z,61.511861432046516
2023-07-14T19:00:00Z,61.394990940235076
2023-07-14T20:00:00Z,61.31561540095092
2023-07-14T21:00:00Z,61.940146411976734
2023-07-14T22:00:00Z,61.39317489876639
2023-07-14T23:00:00Z,61.860701833505765
2023-07-15T00:00:00Z,62.0103442668445
2023-07-15T01:00:00Z,62.26434523002801
2023-07-15T02:00:00Z,62.46419716211346
2023-07-15T03:00:00Z,62.423373828251634
2023-07-15T04:00:00Z,62.46709996113948
2023-07-15T05:00:00Z,62.27261463105449
2023-07-15T06:00:00Z,62.74617597743292
2023-07-15T07:00:00Z,62.46607193597411
2023-07-15T08:00:00Z,62.18365930816496
2023-07-15T09:00:00Z,62.49639091110789
2023-07-15T10:00:00Z,62.40998488003277
2023-07-15T11:00:00Z,62.57913694139774
2023-07-15T12:00:00Z,62.192096033797036
2023-07-15T13:00:00Z,62.895846000815936
2023-07-15T14:00:00Z,62.67739387977998
2023-07-15T15:00:00Z,62.5381091117815
2023-07-15T16:00:00Z,62.589276011644436
2023-07-15T17:00:00Z,62.42151447953352
2023-07-15T18:00:00Z,62.68750121077904
2023-07-15T19:00:00Z,62.584006010122295
2023-07-15T20:00:00Z,63.03505260862011
2023-07-15T21:00:00Z,62.86652470905187
2023-07-15T22:00:00Z,63.12435179386804
2023-07-15T23:00:00Z,63.28694262365025
2023-07-16T00:00:00Z,63.16977891310022
2023-07-16T01:00:00Z,63.17883777268766
2023-07-16T02:00:00Z,63.21631398704129
2023-07-16T03:00:00Z,63.1664948583427
2023-07-16T04:00:00Z,63.22463558361889
2023-07-16T05:00:00Z,63.266271734594966
2023-07-16T06:00:00Z,63.5501037130091
2023-07-16T07:00:00Z,62.900961820456956
2023-07-16T08:00:00Z,63.35702826899694
2023-07-16T09:00:00Z,63.234106982730566
2023-07-16T10:00:00Z,63.04558776930616
2023-07-16T11:00:00Z,63.885333026811224
2023-07-16T12:00:00Z,63.30264381782215
2023-07-16T13:00:00Z,62.97153030919591
2023-07-16T14:00:00Z,63.367262655795905
2023-07-16T15:00:00Z,64.18228091935967
2023-07-16T16:00:00Z,63.12471571641696
2023-07-16T17:00:00Z,63.56275128267614
2023-07-16T18:00:00Z,63.784823494212986
2023-07-16T19:00:00Z,63.64515510805189
2023-07-16T20:00:00Z,63.734135899929115
2023-07-16T21:00:00Z,63.93811150684724
2023-07-16T22:00:00Z,64.22250557955408
2023-07-16T23:00:00Z,64.01380656778362
2023-07-17T00:00:00Z,63.82934749904922
2023-07-17T01:00:00Z,64.28810790279687
2023-07-17T02:00:00Z,64.1043863324919
2023-07-17T03:00:00Z,64.25679129761056
2023-07-17T04:00:00Z,64.1045939862758
2023-07-17T05:00:00Z,64.15801495525226
2023-07-17T06:00:00Z,64.19084987613128
2023-07-17T07:00:00Z,64.74784498178488
2023-07-17T08:00:00Z,64.33573733440714
2023-07-17T09:00:00Z,65.04842358753123
2023-07-17T10:00:00Z,64.55454752450926
2023-07-17T11:00:00Z,64.73156845141384
2023-07-17T12:00:00Z,64.93957154043069
2023-07-17T13:00:00Z,65.30525975588947
2023-07-17T14:00:00Z,65.37101126159068
2023-07-17T15:00:00Z,65.15374551308183
2023-07-17T16:00:00Z,65.02713157011917
2023-07-17T17:00:00Z,65.11315417590264
2023-07-17T18:00:00Z,65.32786862548497
2023-07-17T19:00:00Z,65.47826326899357
2023-07-17T20:00:00Z,65.46382714219959
2023-07-17T21:00:00Z,65.73670352340048
2023-07-17T22:00:00Z,65.40125149447806
2023-07-17T23:00:00Z,65.6189637490138
2023-07-18T00:00:00Z,65.35271314733545
2023-07-18T01:00:00Z,66.15440702010491
2023-07-18T02:00:00Z,65.86070547713264
2023-07-18T03:00:00Z,65.64541353099428
2023-07-18T04:00:00Z,65.79043619618248
2023-07-18T05:00:00Z,65.92877293368066
2023-07-18T06:00:00Z,65.68322876186244
2023-07-18T07:00:00Z,66.03500927544324
2023-07-18T08:00:00Z,65.62919610986332
2023-07-18T09:00:00Z,65.70712832702422
2023-07-18T10:00:00Z,65.64014996897085
2023-07-18T11:00:00Z,65.42796337007258
2023-07-18T12:00:00Z,65.81086930485166
2023-07-18T13:00:00Z,66.01095179804318
2023-07-18T14:00:00Z,65.64467780764066
2023-07-18T15:00:00Z,65.43566729360921
2023-07-18T16:00:00Z,65.1692315240201
2023-07-18T17:00:00Z,65.31712507076242
2023-07-18T18:00:00Z,65.56063495484251
2023-07-18T19:00:00Z,65.75791995044702
2023-07-18T20:00:00Z,65.84429103169406
2023-07-18T21:00:00Z,65.40814216862996
2023-07-18T22:00:00Z,65.52683515777962
2023-07-18T23:00:00Z,65.86950494308526
2023-07-19T00:00:00Z,65.39772268980107
2023-07-19T01:00:00Z,65.4733702256272
2023-07-19T02:00:00Z,65.49790457700063
2023-07-19T03:00:00Z,65.63034211128371
2023-07-19T04:00:00Z,65.91825440912865
2023-07-19T05:00:00Z,65.48602093838034
2023-07-19T06:00:00Z,65.47571294815296
2023-07-19T07:00:00Z,65.75167321721857
2023-07-19T08:00:00Z,65.71591192888748
2023-07-19T09:00:00Z,66.04530413781659
2023-07-19T10:00:00Z,65.85499572404824
2023-07-19T11:00:00Z,66.37120464717233
2023-07-19T12:00:00Z,66.63553318024121
2023-07-19T13:00:00Z,66.11886366328922
2023-07-19T14:00:00Z,66.68176186102926
2023-07-19T15:00:00Z,66.79922512953726
2023-07-19T16:00:00Z,66.56567395195495
2023-07-19T17:00:00Z,67.15097329173247
2023-07-19T18:00:00Z,66.94972400482894
2023-07-19T19:00:00Z,66.88029968594127
2023-07-19T20:00:00Z,67.37718946449579
2023-07-19T21:00:00Z,67.23985959668381
2023-07-19T22:00:00Z,67.06033671308661
2023-07-19T23:00:00Z,67.16396677790728
2023-07-20T00:00:00Z,67.47554158862305
2023-07-20T01:00:00Z,67.53318436342468
2023-07-20T02:00:00Z,67.46697546528631
2023-07-20T03:00:00Z,67.13440258319766
2023-07-20T04:00:00Z,67.39951807417884
2023-07-20T05:00:00Z,67.34281330273409
2023-07-20T06:00:00Z,67.7395975280287
2023-07-20T07:00:00Z,67.81459288765811
2023-07-20T08:00:00Z,67.30225638392845
2023-07-20T09:00:00Z,67.59282668615985
2023-07-20T10:00:00Z,67.60024943485212
2023-07-20T11:00:00Z,67.45913455267187
2023-07-20T12:00:00Z,67.54904239214808
2023-07-20T13:00:00Z,67.97938312252943
2023-07-20T14:00:00Z,67.71998473164362
2023-07-20T15:00:00Z,66.94786414776466
2023-07-20T16:00:00Z,67.69569844004093
2023-07-20T17:00:00Z,67.05414296110779
2023-07-20T18:00:00Z,67.85619248070695
2023-07-20T19:00:00Z,68.16373178961867
2023-07-20T20:00:00Z,68.16799205092686
2023-07-20T21:00:00Z,67.52561006505249
2023-07-20T22:00:00Z,67.36230585049289
2023-07-20T23:00:00Z,68.12234420650665
2023-07-21T00:00:00Z,67.9933215683579
2023-07-21T01:00:00Z,68.14604737739592
2023-07-21T02:00:00Z,68.17613973359529
2023-07-21T03:00:00Z,67.6561782827233
2023-07-21T04:00:00Z,67.94669089085657
2023-07-21T05:00:00Z,68.14633332406106
2023-07-21T06:00:00Z,68.44700427675492
2023-07-21T07:00:00Z,68.09381814295432
2023-07-21T08:00:00Z,68.07748363798305
2023-07-21T09:00:00Z,67.93516232084201
2023-07-21T10:00:00Z,68.69032341954379
2023-07-21T11:00:00Z,68.17800638242761
2023-07-21T12:00:00Z,67.8517883385812
2023-07-21T13:00:00Z,68.1165002368355
2023-07-21T14:00:00Z,68.50530597201261
2023-07-21T15:00:00Z,68.51460882845387
2023-07-21T16:00:00Z,68.7684870417822
2023-07-21T17:00:00Z,68.63687456990493
2023-07-21T18:00:00Z,68.64368662253871
2023-07-21T19:00:00Z,68.60675281224513
2023-07-21T20:00:00Z,68.62106853299632
2023-07-21T21:00:00Z,69.03730004386972
2023-07-21T22:00:00Z,69.15157233230805
2023-07-21T23:00:00Z,68.78311829217807
2023-07-22T00:00:00Z,68.7935795067372
2023-07-22T01:00:00Z,68.86186860718016
2023-07-22T02:00:00Z,68.86965665384531
2023-07-22T03:00:00Z,68.70484609798308
2023-07-22T04:00:00Z,69.00168046811461
2023-07-22T05:00:00Z,68.95297028120078
2023-07-22T06:00:00Z,68.85629539491414
2023-07-22T07:00:00Z,68.82095254842517
2023-07-22T08:00:00Z,68.95772912710919
2023-07-22T09:00:00Z,68.92141426252851
2023-07-22T10:00:00Z,68.40271825723164
2023-07-22T11:00:00Z,68.49786474260684
2023-07-22T12:00:00Z,68.56813875244698
2023-07-22T13:00:00Z,68.85494351327478
2023-07-22T14:00:00Z,68.75549979602947
2023-07-22T15:00:00Z,68.76042057448063
2023-07-22T16:00:00Z,68.9066264746237
2023-07-22T17:00:00Z,68.60801473172829
2023-07-22T18:00:00Z,68.81408842856146
2023-07-22T19:00:00Z,68.32861003401533
2023-07-22T20:00:00Z,68.78468291611819
2023-07-22T21:00:00Z,68.56095003910487
2023-07-22T22:00:00Z,69.08857841011101
2023-07-22T23:00:00Z,68.37872195310582
2023-07-23T00:00:00Z,68.76463661684778
2023-07-23T01:00:00Z,68.58991129372612
2023-07-23T02:00:00Z,68.91190651150548
2023-07-23T03:00:00Z,69.14639931460592
2023-07-23T04:00:00Z,69.30058077600773
2023-07-23T05:00:00Z,68.83870261014542
2023-07-23T06:00:00Z,69.11021202910258
2023-07-23T07:00:00Z,69.0906490877112
2023-07-23T08:00:00Z,69.1321558294859
2023-07-23T09:00:00Z,69.25375886557019
2023-07-23T10:00:00Z,69.86773040440377
2023-07-23T11:00:00Z,69.22939928923523
2023-07-23T12:00:00Z,69.86802088893961
2023-07-23T13:00:00Z,70.14595314435272
2023-07-23T14:00:00Z,69.5802292430065
2023-07-23T15:00:00Z,69.55875918605048
2023-07-23T16:00:00Z,69.71479525432007
2023-07-23T17:00:00Z,70.06573135346932
2023-07-23T18:00:00Z,69.58165236915697
2023-07-23T19:00:00Z,70.45514008881418
2023-07-23T20:00:00Z,69.91919008424793
2023-07-23T21:00:00Z,69.70995356194506
2023-07-23T22:00:00Z,70.20722917537537
2023-07-23T23:00:00Z,70.41546876651404
2023-07-24T00:00:00Z,70.42026149113067
2023-07-24T01:00:00Z,70.5955176332361
2023-07-24T02:00:00Z,70.714975545359
2023-07-24T03:00:00Z,70.61728353094854
2023-07-24T04:00:00Z,71.27648497511228
2023-07-24T05:00:00Z,70.72927116878454
2023-07-24T06:00:00Z,70.44845818092614
2023-07-24T07:00:00Z,71.0919058730448
2023-07-24T08:00:00Z,71.21920773243063
2023-07-24T09:00:00Z,70.9145586966797
2023-07-24T10:00:00Z,70.69460472015145
2023-07-24T11:00:00Z,71.3980290761211
2023-07-24T12:00:00Z,70.86482190403288
2023-07-24T13:00:00Z,70.93503745552681
2023-07-24T14:00:00Z,71.3063367254377
2023-07-24T15:00:00Z,71.71520736541888
2023-07-24T16:00:00Z,71.18916775091557
2023-07-24T17:00:00Z,71.50829265063022
2023-07-24T18:00:00Z,71.8077893602431
2023-07-24T19:00:00Z,71.86235997592598
2023-07-24T20:00:00Z,71.63539618783338
2023-07-24T21:00:00Z,71.65683796344742
2023-07-24T22:00:00Z,71.70399210891985
2023-07-24T23:00:00Z,71.95210110279966
2023-07-25T00:00:00Z,72.332092580896
2023-07-25T01:00:00Z,71.80515222185326
2023-07-25T02:00:00Z,71.96961183045063
2023-07-25T03:00:00Z,72.28095827969557
2023-07-25T04:00:00Z,72.40638666100519
2023-07-25T05:00:00Z,72.60563586048514
2023-07-25T06:00:00Z,72.5281220922613
2023-07-25T07:00:00Z,72.43743236406532
2023-07-25T08:00:00Z,72.171400659678
2023-07-25T09:00:00Z,72.26977853901056
2023-07-25T10:00:00Z,72.52963641615496
2023-07-25T11:00:00Z,72.47630965850267
2023-07-25T12:00:00Z,72.6904987343986
2023-07-25T13:00:00Z,72.54361540784237
2023-07-25T14:00:00Z,72.65549236304993
2023-07-25T15:00:00Z,72.67532551440655
2023-07-25T16:00:00Z,72.70179337395909
2023-07-25T17:00:00Z,72.93172576999581
2023-07-25T18:00:00Z,73.2416746930166
2023-07-25T19:00:00Z,72.92024520486177
2023-07-25T20:00:00Z,72.42781373692065
2023-07-25T21:00:00Z,73.28909074551281
2023-07-25T22:00:00Z,72.79329211759075
2023-07-25T23:00:00Z,73.23289171539284
2023-07-26T00:00:00Z,73.34891299598047
2023-07-26T01:00:00Z,73.3618893500497
2023-07-26T02:00:00Z,72.89051787708775
2023-07-26T03:00:00Z,73.13913020977095
2023-07-26T04:00:00Z,73.51541208192006
2023-07-26T05:00:00Z,73.10312011281835
2023-07-26T06:00:00Z,73.58740215468428
2023-07-26T07:00:00Z,73.37047341226827
2023-07-26T08:00:00Z,73.32024951413281
2023-07-26T09:00:00Z,73.22889535018204
2023-07-26T10:00:00Z,73.65311801356697
2023-07-26T11:00:00Z,73.60611379765066
2023-07-26T12:00:00Z,73.6243249135185
2023-07-26T13:00:00Z,73.64386081544036
2023-07-26T14:00:00Z,73.98242076946984
2023-07-26T15:00:00Z,74.07385142203022
2023-07-26T16:00:00Z,73.92215933604169
2023-07-26T17:00:00Z,74.68709005197798
2023-07-26T18:00:00Z,74.15449297310171
2023-07-26T19:00:00Z,74.3967534845478
2023-07-26T20:00:00Z,74.27041553990458
2023-07-26T21:00:00Z,74.33633799735033
2023-07-26T22:00:00Z,74.21520053953782
2023-07-26T23:00:00Z,74.72009391317728
2023-07-27T00:00:00Z,74.75438521318243
2023-07-27T01:00:00Z,74.37749373232388
2023-07-27T02:00:00Z,74.69132637276307
2023-07-27T03:00:00Z,74.63683766722298
2023-07-27T04:00:00Z,74.88593851546794
2023-07-27T05:00:00Z,75.1204113539941
2023-07-27T06:00:00Z,75.23352007992614
2023-07-27T07:00:00Z,75.03104097388396
2023-07-27T08:00:00Z,75.02615717933446
2023-07-27T09:00:00Z,75.25271556080388
2023-07-27T10:00:00Z,75.39840640980242
2023-07-27T11:00:00Z,75.58862841296427
2023-07-27T12:00:00Z,75.5411545180563
2023-07-27T13:00:00Z,75.984732430322
2023-07-27T14:00:00Z,75.06406247894287
2023-07-27T15:00:00Z,75.71459238644206
2023-07-27T16:00:00Z,76.29550374912829
2023-07-27T17:00:00Z,75.98988317782725
2023-07-27T18:00:00Z,76.16614647126666
2023-07-27T19:00:00Z,76.67730356807269
2023-07-27T20:00:00Z,76.65433845379681
2023-07-27T21:00:00Z,76.39395579344753
2023-07-27T22:00:00Z,76.65883195955844
2023-07-27T23:00:00Z,76.54516632530152
2023-07-28T00:00:00Z,76.72292544714597
2023-07-28T01:00:00Z,76.49247442049399
2023-07-28T02:00:00Z,76.7444084279637
2023-07-28T03:00:00Z,77.05049047224503
2023-07-28T04:00:00Z,76.77687031430013
2023-07-28T05:00:00Z,76.93964129646872
2023-07-28T06:00:00Z,76.88322425264317
2023-07-28T07:00:00Z,76.77947000159728
2023-07-28T08:00:00Z,77.19226853186072
2023-07-28T09:00:00Z,76.9020714155385
2023-07-28T10:00:00Z,77.53338416493256
2023-07-28T11:00:00Z,77.26754382622264
2023-07-28T12:00:00Z,77.50060120516079
2023-07-28T13:00:00Z,77.75416500270408
2023-07-28T14:00:00Z,77.44750319360612
2023-07-28T15:00:00Z,77.6338318607695
2023-07-28T16:00:00Z,77.9111302555823
2023-07-28T17:00:00Z,77.90155611053967
2023-07-28T18:00:00Z,77.28355784448522
2023-07-28T19:00:00Z,77.98990913805245
2023-07-28T20:00:00Z,78.21661594713643
2023-07-28T21:00:00Z,78.1226821879018
2023-07-28T22:00:00Z,77.82149059853153
2023-07-28T23:00:00Z,78.35131780058335
2023-07-29T00:00:00Z,78.06732448841257
2023-07-29T01:00:00Z,78.00960498489286
2023-07-29T02:00:00Z,78.02549743505725
2023-07-29T03:00:00Z,79.08949776872349
2023-07-29T04:00:00Z,78.30666171850905
2023-07-29T05:00:00Z,78.39099301523231
2023-07-29T06:00:00Z,78.9098611483209
2023-07-29T07:00:00Z,78.69350791385524
2023-07-29T08:00:00Z,78.49267998266953
2023-07-29T09:00:00Z,79.13311746051701
2023-07-29T10:00:00Z,79.57930518506573
2023-07-29T11:00:00Z,79.38365229280082
2023-07-29T12:00:00Z,79.22309026976252
2023-07-29T13:00:00Z,79.3008059218926
2023-07-29T14:00:00Z,79.32029219203493
2023-07-29T15:00:00Z,79.76167998889447
2023-07-29T16:00:00Z,80.2854107296979
2023-07-29T17:00:00Z,79.88135271270964
2023-07-29T18:00:00Z,79.8934243015569
2023-07-29T19:00:00Z,80.15792851154926
2023-07-29T20:00:00Z,79.80830603753363
2023-07-29T21:00:00Z,80.16790787353548
2023-07-29T22:00:00Z,80.42432889626981
2023-07-29T23:00:00Z,80.19390461244384
2023-07-30T00:00:00Z,80.6040550884273
2023-07-30T01:00:00Z,80.81760698066721
2023-07-30T02:00:00Z,81.58425657276491
2023-07-30T03:00:00Z,81.24512334329532
2023-07-30T04:00:00Z,81.47695177900825
2023-07-30T05:00:00Z,82.04201875939867
2023-07-30T06:00:00Z,82.1809123073114
2023-07-30T07:00:00Z,82.3342108272271
2023-07-30T08:00:00Z,83.35182446137458
2023-07-30T09:00:00Z,83.04800076366061
2023-07-30T10:00:00Z,83.55596247764933
2023-07-30T11:00:00Z,83.74094398816338
2023-07-30T12:00:00Z,83.61588342099866
2023-07-30T13:00:00Z,84.99134076111984
2023-07-30T14:00:00Z,84.47406667612256
2023-07-30T15:00:00Z,84.87132072110063
2023-07-30T16:00:00Z,85.69263882162277
2023-07-30T17:00:00Z,85.58817971074329
2023-07-30T18:00:00Z,86.35481514905817
2023-07-30T19:00:00Z,86.37098862380631
2023-07-30T20:00:00Z,86.68442818965279
2023-07-30T21:00:00Z,86.83020623491318
2023-07-30T22:00:00Z,87.47077328258543
2023-07-30T23:00:00Z,87.19400750455628
2023-07-31T00:00:00Z,88.0900437286521
2023-07-31T01:00:00Z,87.54523261423226
2023-07-31T02:00:00Z,88.50306531204812
2023-07-31T03:00:00Z,88.8985718254622
2023-07-31T04:00:00Z,88.6739670255013
2023-07-31T05:00:00Z,89.04214087551148
2023-07-31T06:00:00Z,89.28997829585349
2023-07-31T07:00:00Z,89.6957406953079
2023-07-31T08:00:00Z,90.06971466361193
2023-07-31T09:00:00Z,90.3809515159581
2023-07-31T10:00:00Z,90.1507827364533
2023-07-31T11:00:00Z,90.26309870679047
2023-07-31T12:00:00Z,90.61238838132032
2023-07-31T13:00:00Z,91.51895024926273
2023-07-31T14:00:00Z,91.40341065776518
2023-07-31T15:00:00Z,91.39573040542975
2023-07-31T16:00:00Z,92.24388920186394
2023-07-31T17:00:00Z,91.9829614622641
2023-07-31T18:00:00Z,92.19843203924636
2023-07-31T19:00:00Z,92.56672121970513
2023-07-31T20:00:00Z,92.87107312135763
2023-07-31T21:00:00Z,93.21275822189473
2023-07-31T22:00:00Z,93.09537155318229
2023-07-31T23:00:00Z,93.5062229359841
2023-08-01T00:00:00Z,93.94901276805084
2023-08-01T01:00:00Z,93.86729384292211
2023-08-01T02:00:00Z,94.65510722653747
2023-08-01T03:00:00Z,94.27855303917114
2023-08-01T04:00:00Z,94.83610486856524
2023-08-01T05:00:00Z,94.6242395575454
2023-08-01T06:00:00Z,95.48346635506131
2023-08-01T07:00:00Z,95.3835192466164
2023-08-01T08:00:00Z,95.57220429060266
2023-08-01T09:00:00Z,95.67506830040031
2023-08-01T10:00:00Z,95.8667724669978
2023-08-01T11:00:00Z,96.63207242184755
2023-08-01T12:00:00Z,96.1896008403742
2023-08-01T13:00:00Z,96.43420864613725
2023-08-01T14:00:00Z,97.31080489689168
2023-08-01T15:00:00Z,97.65745615577244
2023-08-01T16:00:00Z,97.64433242848281
2023-08-01T17:00:00Z,97.15631682350366
2023-08-01T18:00:00Z,97.82296457936845
2023-08-01T19:00:00Z,97.73317771850732
2023-08-01T20:00:00Z,98.4023836482197
2023-08-01T21:00:00Z,98.77778548105343
2023-08-01T22:00:00Z,98.87685650577778
2023-08-01T23:00:00Z,98.84176297543155
2023-08-02T00:00:00Z,99.19389332969716
2023-08-02T01:00:00Z,99.76794543559855
2023-08-02T02:00:00Z,99.87983522681944
2023-08-02T03:00:00Z,100.42123725722124
2023-08-02T04:00:00Z,100.50672634899318
2023-08-02T05:00:00Z,100.71221247974599
2023-08-02T06:00:00Z,100.91979136967825
2023-08-02T07:00:00Z,101.46289988714362
2023-08-02T08:00:00Z,101.27579270953285
2023-08-02T09:00:00Z,101.98391036621719
2023-08-02T10:00:00Z,102.216936874927
2023-08-02T11:00:00Z,102.91849550559655
2023-08-02T12:00:00Z,102.86155685636045
2023-08-02T13:00:00Z,103.623461889458
2023-08-02T14:00:00Z,103.85060510953232
2023-08-02T15:00:00Z,104.05158110513891
2023-08-02T16:00:00Z,104.54478673282841
2023-08-02T17:00:00Z,104.23108598921908
2023-08-02T18:00:00Z,104.91678236970026
2023-08-02T19:00:00Z,105.19516758854361
2023-08-02T20:00:00Z,105.65454230155333
2023-08-02T21:00:00Z,105.81867260290879
2023-08-02T22:00:00Z,105.86923722874965
2023-08-02T23:00:00Z,105.97922231103328
2023-08-03T00:00:00Z,106.66637466038232
2023-08-03T01:00:00Z,106.82991554272253
2023-08-03T02:00:00Z,107.34949511925564
2023-08-03T03:00:00Z,107.61032708294171
2023-08-03T04:00:00Z,108.01200365022045
2023-08-03T05:00:00Z,108.59602773962791
2023-08-03T06:00:00Z,108.7392463381864
2023-08-03T07:00:00Z,109.64921166057566
2023-08-03T08:00:00Z,110.20431071669263
2023-08-03T09:00:00Z,109.96179410515865
2023-08-03T10:00:00Z,110.8152345835231
2023-08-03T11:00:00Z,111.00899700428373
2023-08-03T12:00:00Z,111.49119174965224
2023-08-03T13:00:00Z,111.80061151860211
2023-08-03T14:00:00Z,112.15157593754589
2023-08-03T15:00:00Z,112.46689838617182
2023-08-03T16:00:00Z,112.97495208862493
2023-08-03T17:00:00Z,113.56727140208818
2023-08-03T18:00:00Z,113.63185273378969
2023-08-03T19:00:00Z,114.43565769098808
2023-08-03T20:00:00Z,114.83557479438181
2023-08-03T21:00:00Z,114.86641310041271
2023-08-03T22:00:00Z,115.44946788631411
2023-08-03T23:00:00Z,115.62678631355011
2023-08-04T00:00:00Z,116.17397855370193
2023-08-04T01:00:00Z,117.06416666499692
2023-08-04T02:00:00Z,118.45872622626452
2023-08-04T03:00:00Z,119.33155588870419
2023-08-04T04:00:00Z,120.14296554431367
2023-08-04T05:00:00Z,121.54444744677903
2023-08-04T06:00:00Z,122.61717671732112
2023-08-04T07:00:00Z,122.79551270614478
2023-08-04T08:00:00Z,124.60031889672355
2023-08-04T09:00:00Z,125.12793335401943
2023-08-04T10:00:00Z,125.52091949252252
2023-08-04T11:00:00Z,127.17643127240696
2023-08-04T12:00:00Z,128.10376190050397
2023-08-04T13:00:00Z,128.9218691787048
2023-08-04T14:00:00Z,130.51308982576387
2023-08-04T15:00:00Z,131.288338093924
2023-08-04T16:00:00Z,132.02467534297955
2023-08-04T17:00:00Z,133.5387713578898
2023-08-04T18:00:00Z,134.25528249090337
2023-08-04T19:00:00Z,135.26084190695985
2023-08-04T20:00:00Z,136.3624750796531
2023-08-04T21:00:00Z,136.91388472980378
2023-08-04T22:00:00Z,138.19735501574974
2023-08-04T23:00:00Z,139.20522486928863
2023-08-05T00:00:00Z,140.00433960596368
2023-08-05T01:00:00Z,141.88474254399858
2023-08-05T02:00:00Z,143.0408159565628
2023-08-05T03:00:00Z,144.78272137773513
2023-08-05T04:00:00Z,146.4688598708378
2023-08-05T05:00:00Z,148.1482165678449
2023-08-05T06:00:00Z,149.07692799576122
2023-08-05T07:00:00Z,150.81333076921783
2023-08-05T08:00:00Z,152.53427789122628
2023-08-05T09:00:00Z,153.9387672979186
2023-08-05T10:00:00Z,155.33190190609875
2023-08-05T11:00:00Z,157.13861186718736
2023-08-05T12:00:00Z,158.82335311078336
2023-08-05T13:00:00Z,160.2290413663067
2023-08-05T14:00:00Z,161.4307737457131
2023-08-05T15:00:00Z,162.18076951634515
2023-08-05T16:00:00Z,164.870801746303
2023-08-05T17:00:00Z,165.7743817814755
2023-08-05T18:00:00Z,167.77035824062855
2023-08-05T19:00:00Z,169.07572321103845
2023-08-05T20:00:00Z,170.29446735779158
2023-08-05T21:00:00Z,172.28778396840357
2023-08-05T22:00:00Z,173.47811912370582
2023-08-05T23:00:00Z,174.88433830881308
2023-08-06T00:00:00Z,176.80386871717437
2023-08-06T01:00:00Z,178.08263249454603
2023-08-06T02:00:00Z,179.5941501641488
2023-08-06T03:00:00Z,182.27141116440905
2023-08-06T04:00:00Z,184.15687328343478
2023-08-06T05:00:00Z,185.2309531697855
2023-08-06T06:00:00Z,187.61580808614215
2023-08-06T07:00:00Z,189.1547792333335
2023-08-06T08:00:00Z,190.71758126019873
2023-08-06T09:00:00Z,192.50301658688682
2023-08-06T10:00:00Z,194.3094351294727
2023-08-06T11:00:00Z,196.26026343620845
2023-08-06T12:00:00Z,197.9894594508199
2023-08-06T13:00:00Z,199.25882178400448
2023-08-06T14:00:00Z,201.5855110013365
2023-08-06T15:00:00Z,203.6816340568521
2023-08-06T16:00:00Z,205.1655898286794
2023-08-06T17:00:00Z,206.67185772721413
2023-08-06T18:00:00Z,208.52296901861612
2023-08-06T19:00:00Z,211.20601016377492
2023-08-06T20:00:00Z,212.24440125815653
2023-08-06T21:00:00Z,214.11712197399623
2023-08-06T22:00:00Z,215.9929765372948
2023-08-06T23:00:00Z,217.4447067046073
2023-08-07T00:00:00Z,219.12573236277558
2023-08-07T01:00:00Z,222.62910069608785
2023-08-07T02:00:00Z,226.43127988881727
2023-08-07T03:00:00Z,229.6581563501023
2023-08-07T04:00:00Z,233.06762599834747
2023-08-07T05:00:00Z,236.35203242945346
2023-08-07T06:00:00Z,239.6055936161907
2023-08-07T07:00:00Z,242.8137074773528
2023-08-07T08:00:00Z,246.57035257729885
2023-08-07T09:00:00Z,249.81501515112427
2023-08-07T10:00:00Z,252.87285127227392
2023-08-07T11:00:00Z,256.556557436614
2023-08-07T12:00:00Z,259.94302752730516
2023-08-07T13:00:00Z,262.61218392969914
2023-08-07T14:00:00Z,266.599508697442
2023-08-07T15:00:00Z,269.4320268759832
2023-08-07T16:00:00Z,273.16723645742155
2023-08-07T17:00:00Z,276.3408851867072
2023-08-07T18:00:00Z,279.59113931571665
2023-08-07T19:00:00Z,283.59923132061397
2023-08-07T20:00:00Z,286.5506591164306
2023-08-07T21:00:00Z,290.2252555398323
2023-08-07T22:00:00Z,292.86338872091585
2023-08-07T23:00:00Z,296.6996250120826
2023-08-08T00:00:00Z,299.8760036794583
